freq,tra_infr,unit,geo\TIME_PERIOD	2008 	2009 	2010 	2011 	2012 	2013 	2014 	2015 	2016 	2017 	2018 	2019 
A,RL,KM,BE10	99 	: 	: 	: 	: 	: 	0 	0 	0 	: 	: 	: 
A,RL,KM,BE21	245 	: 	: 	: 	: 	: 	: 	: 	: 	: 	: 	: 
A,RL,KM,BE22	271 	: 	: 	: 	: 	: 	: 	: 	: 	: 	: 	: 
A,RL,KM,BE23	499 	: 	: 	: 	: 	: 	: 	: 	: 	: 	: 	: 
A,RL,KM,BE24	306 	: 	: 	: 	: 	: 	: 	: 	: 	: 	: 	: 
A,RL,KM,BE25	315 	: 	: 	: 	: 	: 	: 	: 	: 	: 	: 	: 
A,RL,KM,BE31	129 	: 	: 	: 	: 	: 	: 	: 	: 	: 	: 	: 
A,RL,KM,BE32	646 	: 	: 	: 	: 	: 	: 	: 	: 	: 	: 	: 
A,RL,KM,BE33	462 	: 	: 	: 	: 	: 	: 	: 	: 	: 	: 	: 
A,RL,KM,BE34	285 	: 	: 	: 	: 	: 	: 	: 	: 	: 	: 	: 
A,RL,KM,BE35	322 	: 	: 	: 	: 	: 	: 	: 	: 	: 	: 	: 
A,RL,KM,BG31	648 	655 	644 	642 	642 	648 	648 	648 	648 	648 	648 	648 
A,RL,KM,BG32	620 	619 	631 	627 	627 	627 	627 	627 	627 	627 	627 	627 
A,RL,KM,BG33	488 	488 	478 	478 	478 	482 	484 	484 	484 	484 	484 	484 
A,RL,KM,BG34	705 	705 	670 	664 	662 	624 	624 	624 	624 	625 	625 	625 
A,RL,KM,BG41	899 	900 	899 	885 	885 	877 	866 	864 	864 	864 	864 	864 
A,RL,KM,BG42	784 	783 	776 	776 	776 	774 	774 	772 	782 	782 	782 	782 
A,RL,KM,CY00	: z	: z	: z	: z	: z	: z	: z	: z	: z	: z	: 	: 
A,RL,KM,CZ01	246 	248 	248 	248 	248 	244 	241 	241 	236 	236 	245 	244 
A,RL,KM,CZ02	1279 	1278 	1278 	1278 	1277 	1281 	1287 	1289 	1289 	1289 	1288 	1287 
A,RL,KM,CZ03	1689 	1690 	1691 	1692 	1692 	1685 	1684 	1682 	1680 	1680 	1682 	1681 
A,RL,KM,CZ04	1514 	1514 	1513 	1515 	1515 	1513 	1513 	1514 	1518 	1517 	1518 	1517 
A,RL,KM,CZ05	1809 	1810 	1810 	1809 	1807 	1807 	1804 	1803 	1804 	1807 	1807 	1805 
A,RL,KM,CZ06	1420 	1405 	1406 	1406 	1406 	1406 	1406 	1408 	1408 	1410 	1410 	1407 
A,RL,KM,CZ07	958 	959 	960 	961 	962 	961 	962 	961 	962 	962 	957 	957 
A,RL,KM,CZ08	673 	674 	663 	664 	664 	664 	664 	668 	667 	667 	665 	663 
A,RL,KM,DE30	631 	626 	603 	584 	583 	580 	580 	626 	626 	623 	623 	623 
A,RL,KM,DE40	2714 	2758 	2738 	2686 	2739 	2739 	2691 	2766 	2767 	2756 	2756 	2756 
A,RL,KM,DE50	171 	173 	164 	165 	165 	164 	163 	139 	141 	141 	141 	141 
A,RL,KM,DE60	282 	280 	296 	357 	352 	350 	347 	298 	298 	298 	298 	298 
A,RL,KM,DE80	1529 	1593 	1671 	1670 	1690 	1671 	1665 	1656 	1656 	1656 	1656 	1656 
A,RL,KM,DEC0	347 	347 	366 	367 	370 	370 	361 	349 	348 	343 	343 	343 
A,RL,KM,DEE0	2219 	2210 	2213 	2214 	2199 	2190 	2190 	2314 	2404 	2398 	2397 	2402 
A,RL,KM,DEF0	1290 	1290 	1268 	1278 	1278 	1278 	1277 	1275 	1275 	1279 	1279 	1279 
A,RL,KM,DEG0	1532 	1524 	1596 	1598 	1598 	1594 	1594 	1521 	1562 	1558 	1630 	1630 
A,RL,KM,EE00	919 	919 	919 	918 	918 	917 	1116 	1164 	1161 	1161 	1161 	1167 
A,RL,KM,EL30	218 	218 	218 	238 	183 	198 	198 	200 	200 	200 	200 	200 
A,RL,KM,EL41	: z	: z	: z	: z	: z	: z	0 	0 	0 	0 	0 	0 
A,RL,KM,EL42	: z	: z	: z	: z	: z	: z	0 	0 	0 	0 	0 	0 
A,RL,KM,EL43	: z	: z	: z	: z	: z	: z	0 	0 	0 	0 	0 	0 
A,RL,KM,EL51	409 	409 	409 	409 	409 	409 	409 	409 	409 	409 	409 	409 
A,RL,KM,EL52	530 	530 	530 	539 	539 	539 	539 	539 	539 	539 	539 	539 
A,RL,KM,EL53	125 	125 	125 	111 	111 	111 	83 	83 	83 	83 	83 	83 
A,RL,KM,EL54	0 	0 	0 	0 	0 	0 	0 	0 	0 	0 	0 	0 
A,RL,KM,EL61	285 	285 	285 	275 	269 	269 	270 	270 	270 	270 	270 	270 
A,RL,KM,EL62	0 	0 	0 	0 	0 	0 	0 	0 	0 	0 	0 	0 
A,RL,KM,EL63	266 	266 	266 	266 	212 	213 	213 	213 	213 	213 	213 	213 
A,RL,KM,EL64	280 	280 	280 	274 	274 	274 	274 	274 	274 	274 	327 	314 
A,RL,KM,EL65	439 	439 	439 	442 	251 	252 	252 	252 	252 	252 	252 	252 
A,RL,KM,ES11	1089 b	1092 	1092 	1177 	1177 	1168 	1171 	1211 	1209 	1206 	1206 	: 
A,RL,KM,ES12	713 b	684 	720 	718 	718 	683 	683 	678 	669 	669 	669 	: 
A,RL,KM,ES13	350 b	318 	352 	352 	352 	311 	311 	311 	311 	311 	311 	: 
A,RL,KM,ES21	625 b	628 	641 	646 	649 	637 	633 	636 	560 	563 	551 	: 
A,RL,KM,ES22	247 b	247 	247 	247 	247 	247 	247 	218 	218 	216 	216 	: 
A,RL,KM,ES23	110 b	110 	110 	110 	111 	111 	111 	111 	111 	111 	111 	: 
A,RL,KM,ES24	1326 b	1324 	1324 	1324 	1324 	1324 	1324 	1324 	1312 	1312 	1312 	: 
A,RL,KM,ES30	701 b	706 	714 	725 	723 	703 	699 	699 	697 	697 	697 	: 
A,RL,KM,ES41	2399 b	2394 	2393 	2390 	2390 	2394 	2389 	2536 	2531 	2509 	2509 	: 
A,RL,KM,ES42	1610 b	1610 	1931 	1932 	1939 	2033 	2033 	2033 	2033 	2033 	2033 	: 
A,RL,KM,ES43	730 b	748 	748 	748 	748 	748 	748 	748 	748 	748 	748 	: 
A,RL,KM,ES51	1835 b	1836 	1903 	1900 	1899 	1865 	1839 	1845 	1845 	1848 	1848 	: 
A,RL,KM,ES52	1023 b	779 	891 	891 	882 	951 	951 	953 	942 	942 	942 	: 
A,RL,KM,ES53	107 b	117 	117 	117 	118 	118 	118 	117 	117 	117 	117 	: 
A,RL,KM,ES61	2406 b	2385 	2376 	2376 	2366 	2365 	2365 	2358 	2350 	2350 	2352 	: 
A,RL,KM,ES62	279 b	279 	279 	280 	280 	280 	280 	280 	271 	271 	271 	: 
A,RL,KM,ES63	0 b	0 	0 	0 	0 	0 	0 	0 	0 	0 	0 	: 
A,RL,KM,ES64	0 b	0 	0 	0 	0 	0 	0 	0 	0 	0 	0 	: 
A,RL,KM,ES70	0 b	0 	0 	0 	0 	0 	0 	0 	0 	0 	0 	: 
A,RL,KM,FI19	1605 	1605 	1605 	1605 	1605 	1605 	1605 	1594 	1594 	1594 	1594 	1594 
A,RL,KM,FI1B	416 	416 	416 	416 	416 	416 	416 	431 	431 	431 	431 	429 
A,RL,KM,FI1C	980 	980 	980 	980 	980 	980 	980 	974 	974 	974 	974 	974 
A,RL,KM,FI1D	2918 	2918 	2918 	2943 	2943 	2943 	2943 	2924 	2927 	2927 	2927 	2926 
A,RL,KM,FI20	0 	0 	0 	0 	0 	0 	0 	0 	0 	0 	0 	: 
A,RL,KM,FR10	1852 	1830 	1827 	1827 	1823 	1820 	1819 	1818 	1831 	1825 	1828 	1826 
A,RL,KM,FRB0	2323 	2185 	2181 	2083 	2088 	2082 	2082 	2041 	2037 	1997 	1994 	1993 
A,RL,KM,FRC1	1790 	1905 	1905 	1918 	1891 	1891 	1823 	1702 	1714 	1707 	1634 	1631 
A,RL,KM,FRC2	877 	829 	816 	939 	939 	943 	922 	1149 	930 	926 	887 	886 
A,RL,KM,FRD1	713 	708 	705 	717 	717 	717 	719 	723 	674 	672 	671 	660 
A,RL,KM,FRD2	915 	829 	829 	892 	892 	830 	892 	862 	813 	804 	787 	740 
A,RL,KM,FRE1	1460 	1422 	1421 	1445 	1446 	1407 	1473 	1432 	1331 	1329 	1332 	1330 
A,RL,KM,FRE2	1555 	1486 	1484 	1470 	1470 	1427 	1449 	1449 	1433 	1426 	1442 	1443 
A,RL,KM,FRF1	788 	718 	721 	717 	716 	718 	716 	1126 	746 	743 	740 	732 
A,RL,KM,FRF2	1682 	1530 	1528 	1505 	1505 	1486 	1488 	1297 	1478 	1472 	1462 	1462 
A,RL,KM,FRF3	1940 	1742 	1728 	1723 	1723 	1698 	1684 	1376 	1644 	1639 	1572 	1564 
A,RL,KM,FRG0	1505 	1362 	1360 	1322 	1326 	1318 	1379 	1376 	1422 	1413 	1382 	1383 
A,RL,KM,FRH0	1173 	1140 	1147 	1148 	1148 	1120 	1126 	1126 	1103 	1125 	1122 	1124 
A,RL,KM,FRI1	1676 	1609 	1609 	1609 	1587 	1584 	1556 	1551 	1565 	1540 	1406 	1406 
A,RL,KM,FRI2	908 	900 	835 	899 	835 	835 	815 	812 	817 	798 	796 	796 
A,RL,KM,FRI3	1236 	1197 	1197 	1196 	1193 	1193 	1192 	1149 	1196 	1156 	1140 	1141 
A,RL,KM,FRJ1	1423 	1254 	1246 	1264 	1278 	1214 	1256 	1258 	1207 	1197 	1182 	1154 
A,RL,KM,FRJ2	1706 	1639 	1639 	1638 	1642 	1642 	1607 	1603 	1462 	1454 	1348 	1347 
A,RL,KM,FRK1	1344 	1225 	1141 	1137 	1141 	1141 	1095 	1045 	997 	993 	1009 	1010 
A,RL,KM,FRK2	2718 	2659 	2657 	2656 	2661 	2633 	2634 	2637 	2604 	2603 	2558 	2557 
A,RL,KM,FRL0	1418 	1298 	1295 	1335 	1335 	1312 	1427 	1334 	1308 	1305 	1301 	1300 
A,RL,KM,FRM0	232 	232 	232 	231 	232 	232 	232 	232 	232 	232 	232 	232 
A,RL,KM,FRY1	: 	: 	: 	: 	: 	0 	0 	0 	0 	0 	0 	0 
A,RL,KM,FRY2	0 	0 	0 	0 	0 	0 	0 	0 	0 	0 	0 	0 
A,RL,KM,FRY3	0 	0 	0 	0 	0 	0 	0 	0 	0 	0 	0 	0 
A,RL,KM,FRY4	0 	0 	0 	0 	0 	0 	0 	0 	0 	0 	0 	0 
A,RL,KM,FRY5	: 	: 	: 	: 	: 	0 	0 	0 	0 	0 	0 	0 
A,RL,KM,HR03	784 	784 	782 	782 	782 	782 	782 	782 	782 	782 	782 	782 
A,RL,KM,HR04	1938 	1938 	1940 	1940 	1940 	1940 	1822 	1822 	1822 	1822 	1822 	1835 
A,RL,KM,HU11	: 	: 	: 	: 	: 	: 	: 	: 	199 	199 	199 	199 
A,RL,KM,HU12	: 	: 	: 	: 	: 	: 	: 	: 	494 	480 	480 	480 
A,RL,KM,HU21	1151 	1037 	1037 	1037 	1037 	1150 	1150 	1022 	1114 	1117 	1117 	1117 
A,RL,KM,HU22	777 	968 	968 	1181 	1005 	972 	972 	1000 	910 	911 	911 	911 
A,RL,KM,HU23	1132 	962 	962 	945 	945 	1099 	1062 	934 	1082 	1085 	1085 	1085 
A,RL,KM,HU31	1568 	865 	865 	865 	865 	926 	926 	892 	964 	966 	966 	966 
A,RL,KM,HU32	919 	1409 	1409 	1152 	1342 	1466 	1363 	1361 	1417 	1421 	1421 	1423 
A,RL,KM,HU33	1396 	1346 	1346 	1210 	1210 	1396 	1298 	1259 	1258 	1262 	1262 	1262 
A,RL,KM,IE04	: 	: 	: 	: 	: 	: 	367 	367 	367 	367 	367 	367 
A,RL,KM,IE05	: 	: 	: 	: 	: 	: 	700 	700 	700 	700 	700 	700 
A,RL,KM,IE06	: 	: 	: 	: 	: 	: 	613 	613 	613 	613 	613 	613 
A,RL,KM,ITC1	1873 	1895 	1891 	1888 	1898 	1898 	1898 	1897 	1897 	1895 	1895 	1895 
A,RL,KM,ITC2	81 	81 	81 	81 	81 	81 	81 	81 	81 	81 	81 	81 
A,RL,KM,ITC3	500 	500 	500 	498 	498 	498 	499 	499 	500 	495 	495 	493 
A,RL,KM,ITC4	1643 	1671 	1681 	1677 	1677 	1677 	1677 	1677 	1733 	1736 	1740 	1740 
A,RL,KM,ITF1	511 	512 	511 	524 	524 	525 	525 	524 	525 	524 	524 	525 
A,RL,KM,ITF2	270 	270 	270 	265 	265 	265 	265 	265 	265 	265 	265 	265 
A,RL,KM,ITF3	1086 	1108 	1108 	1121 	1121 	1130 	1099 	1095 	1095 	1095 	1094 	1095 
A,RL,KM,ITF4	822 	821 	828 	838 	838 	838 	838 	840 	840 	840 	840 	839 
A,RL,KM,ITF5	362 	362 	363 	347 	347 	347 	347 	347 	347 	347 	347 	347 
A,RL,KM,ITF6	851 	851 	851 	851 	851 	852 	852 	852 	852 	851 	851 	852 
A,RL,KM,ITG1	1378 	1378 	1378 	1379 	1379 	1379 	1379 	1379 	1379 	1369 	1369 	1369 
A,RL,KM,ITG2	429 	429 	429 	430 	430 	429 	429 	429 	429 	427 	427 	427 
A,RL,KM,ITH1	362 	362 	362 	357 	357 	356 	356 d	356 d	356 d	356 d	356 d	356 d
A,RL,KM,ITH3	1183 	1184 	1186 	1191 	1189 	1188 	1188 	1188 	1188 	1188 	1188 	1188 
A,RL,KM,ITH4	466 	466 	466 	469 	469 	469 	469 	472 	472 	466 	466 	466 
A,RL,KM,ITH5	1220 	1284 	1291 	1292 	1306 	1306 	1307 	1306 	1306 	1314 	1314 	1315 
A,RL,KM,ITI1	1432 	1450 	1450 	1479 	1479 	1479 	1476 	1476 	1479 	1479 	1479 	1479 
A,RL,KM,ITI2	367 	367 	367 	376 	376 	376 	376 	376 	376 	376 	376 	376 
A,RL,KM,ITI3	386 	385 	385 	385 	385 	386 	386 	386 	386 	385 	386 	386 
A,RL,KM,ITI4	1250 	1250 	1250 	1213 	1208 	1207 	1211 	1211 	1217 	1217 	1217 	1217 
A,RL,KM,LI00	9 	9 	9 	9 	9 	9 	9 	9 	9 	9 	9 	9 
A,RL,KM,LU00	275 	275 	275 	275 	275 	275 	275 	275 	275 	275 	271 	271 
A,RL,KM,LV00	2263 	1884 	1897 	1865 	1859 	1859 	1860 	1860 	1860 	1860 	1860 	1860 
A,RL,KM,MT00	: z	: z	: z	: z	: z	: z	: z	: z	: z	: z	: z	: 
A,RL,KM,NL11	163 	163 	163 	164 	164 	164 	164 	164 	163 	164 	200 	171 
A,RL,KM,NL12	151 	145 	151 	151 	151 	151 	150 	150 	149 	149 	149 	150 
A,RL,KM,NL13	105 	105 	105 	105 	105 	105 	105 	105 	105 	105 	109 	101 
A,RL,KM,NL21	302 	302 	302 	302 	302 	302 	314 	314 	312 	312 	318 	315 
A,RL,KM,NL22	542 	542 	542 	542 	542 	542 	546 	546 	544 	544 	556 	542 
A,RL,KM,NL23	40 	40 	40 	40 	40 	40 	67 	67 	67 	67 	67 	67 
A,RL,KM,NL31	195 	195 	195 	196 	196 	196 	195 	195 	194 	194 	196 	200 
A,RL,KM,NL32	357 	357 	371 	371 	371 	371 	371 	371 	365 	365 	366 	344 
A,RL,KM,NL33	372 	372 	437 	437 	437 	437 	437 	432 	456 	454 	486 	446 
A,RL,KM,NL34	92 	99 	99 	99 	99 	99 	81 	85 	97 	97 	127 	103 
A,RL,KM,NL41	325 	325 	357 	356 	356 	356 	352 	352 	352 	352 	383 	361 
A,RL,KM,NL42	245 	251 	251 	251 	251 	251 	251 	251 	253 	253 	265 	241 
A,RL,KM,NO01	360 	360 	360 	360 	382 	382 	382 	377 	377 	377 	377 	377 
A,RL,KM,NO02	939 	939 	939 	939 	934 	934 	934 	929 	929 	929 	929 	929 
A,RL,KM,NO03	962 	962 	962 	947 	1005 	1005 	1005 	1005 	1004 	1004 	981 	981 
A,RL,KM,NO04	416 	471 	471 	471 	442 	442 	442 	442 	442 	442 	442 	442 
A,RL,KM,NO05	243 	243 	243 	243 	285 	285 	285 	285 	285 	285 	285 	285 
A,RL,KM,NO06	732 	732 	732 	732 	732 	732 	732 	732 	732 	732 	732 	732 
A,RL,KM,NO07	462 	462 	462 	462 	458 	458 	458 	458 	458 	458 	458 	458 
A,RL,KM,PL21	1108 	1130 	1127 	1131 	1124 	1121 	1086 	1087 	1059 	1077 	1086 	1083 
A,RL,KM,PL22	2141 	2164 	2155 	2140 	2076 	1978 	1977 	1970 	1964 	1943 	1943 	1925 
A,RL,KM,PL41	2058 	2115 	2038 	2022 	2061 	1976 	1884 	1888 	1878 	1878 	1872 	1889 
A,RL,KM,PL42	1214 	1206 	1203 	1202 	1254 	1183 	1183 	1183 	1148 	1166 	1166 	1183 
A,RL,KM,PL43	959 	960 	967 	967 	971 	920 	921 	909 	890 	887 	912 	927 
A,RL,KM,PL51	1753 	1765 	1769 	1779 	1779 	1763 	1751 	1727 	1750 	1736 	1695 	1718 
A,RL,KM,PL52	868 	869 	868 	867 	821 	798 	764 	749 	780 	773 	782 	786 
A,RL,KM,PL61	1302 	1301 	1259 	1258 	1276 	1195 	1196 	1196 	1199 	1200 	1200 	1322 
A,RL,KM,PL62	1209 	1207 	1215 	1238 	1238 	1078 	1116 	1138 	1081 	1084 	1084 	1138 
A,RL,KM,PL63	1245 	1233 	1241 	1238 	1237 	1214 	1221 	1218 	1192 	1275 	1192 	1194 
A,RL,KM,PL71	1056 	1055 	1063 	1059 	1055 	1058 	1068 	1069 	1080 	1080 	1081 	1084 
A,RL,KM,PL72	707 	722 	722 	721 	721 	696 	721 	721 	721 	721 	721 	721 
A,RL,KM,PL81	1071 	1089 	1039 	1041 	1045 	1027 	1041 	1042 	1046 	1047 	1048 	970 
A,RL,KM,PL82	999 	1018 	981 	978 	1024 	924 	978 	978 	978 	895 	978 	978 
A,RL,KM,PL84	760 	760 	759 	763 	700 	693 	656 	654 	654 	734 	759 	757 
A,RL,KM,PT11	517 	517 	516 	516 	437 	452 	452 	452 	452 	452 	452 	435 
A,RL,KM,PT15	221 	221 	221 	221 	221 	174 	174 	174 	174 	174 	174 	174 
A,RL,KM,PT16	1024 	1024 	998 	998 	949 	942 	942 	942 	942 	942 	942 	942 
A,RL,KM,PT17	244 	244 	244 	244 	245 	273 	274 	274 	274 	274 	274 	274 
A,RL,KM,PT18	836 	836 	864 	815 	690 	704 	704 	703 	704 	704 	704 	700 
A,RL,KM,PT20	: z	: z	: z	: z	: z	: z	0 	0 	0 	0 	0 	: 
A,RL,KM,PT30	: z	: z	: z	: z	: z	: z	: z	: z	: z	: z	: 	: 
A,RL,KM,RO11	1668 	1668 	1668 	1668 	1668 	1668 	1668 	1668 	1668 	1668 	1663 	1663 
A,RL,KM,RO12	1337 	1336 	1336 	1332 	1332 	1329 	1333 	1329 	1333 	1333 	1333 	1333 
A,RL,KM,RO21	1619 	1619 	1620 	1620 	1620 	1620 	1621 	1620 	1621 	1621 	1620 	1614 
A,RL,KM,RO22	1749 	1749 	1749 	1745 	1745 	1745 	1747 	1745 	1748 	1748 	1745 	1745 
A,RL,KM,RO31	1251 	1251 	1251 	1251 	1251 	1251 	1251 	1251 	1247 	1247 	1247 	1247 
A,RL,KM,RO32	279 	279 	279 	279 	279 	279 	279 	279 	279 	279 	279 	279 
A,RL,KM,RO41	988 	988 	988 	988 	988 	988 	990 	990 	990 	990 	990 	990 
A,RL,KM,RO42	1894 	1894 	1894 	1894 	1894 	1888 	1888 	1888 	1888 	1888 	1888 	1888 
A,RL,KM,SE11	395 	402 	397 	402 	398 	377 	374 	322 	401 	409 	412 	415 
A,RL,KM,SE12	1813 	1828 	1807 	1827 	1811 	1751 	1745 	1748 	1806 	1800 	1800 	1805 
A,RL,KM,SE21	1151 	1162 	1185 	1196 	1169 	1127 	1112 	1117 	1134 	1132 	1131 	1144 
A,RL,KM,SE22	911 	913 	920 	935 	933 	1082 	1078 	1085 	900 	907 	897 	896 
A,RL,KM,SE23	1545 	1559 	1515 	1526 	1511 	1418 	1408 	1444 	1488 	1484 	1489 	1449 
A,RL,KM,SE31	1850 	1860 	1821 	1840 	1819 	1680 	1664 	1671 	1661 	1656 	1688 	1701 
A,RL,KM,SE32	1426 	1459 	1526 	1473 	1516 	1545 	1533 	1548 	1537 	1536 	1536 	1531 
A,RL,KM,SE33	1931 	1954 	1979 	2008 	1982 	1977 	1967 	1972 	1956 	1951 	1952 	1958 
A,RL,KM,SI03	: 	: 	: 	684 	684 	684 	684 	684 	684 	684 	684 	684 
A,RL,KM,SI04	: 	: 	: 	525 	525 	525 	525 	525 	525 	525 	525 	525 
A,RL,KM,SK01	235 	235 	235 	235 	235 	235 	235 	235 	235 	236 	236 	236 
A,RL,KM,SK02	1201 	1204 	1201 	1203 	1203 	1202 	1202 	1200 	1200 	1198 	1199 	1201 
A,RL,KM,SK03	1058 	1058 	1058 	1058 	1065 	1065 	1065 	1067 	1067 	1067 	1066 	1066 
A,RL,KM,SK04	1129 	1126 	1128 	1129 	1129 	1129 	1126 	1126 	1125 	1125 	1126 	1126 
A,RL,KM,TR10	199 	199 	199 	199 	199 	227 	227 	227 	227 	227 	227 	283 
A,RL,KM,TR21	285 	285 	321 	321 	321 	348 	348 	348 	348 	348 	348 	348 
A,RL,KM,TR22	280 	280 	280 	280 	280 	280 	280 	280 	280 	280 	280 	280 
A,RL,KM,TR31	331 	331 	331 	331 	331 	361 	362 	362 	362 	362 	406 	406 
A,RL,KM,TR32	283 	282 	282 	282 	282 	282 	282 	282 	282 	282 	282 	282 
A,RL,KM,TR33	1072 	1082 	1082 	1082 	1082 	1082 	1082 	1082 	1082 	1082 	1082 	1082 
A,RL,KM,TR41	345 	567 	572 	572 	572 	563 	811 	811 	811 	811 	811 	811 
A,RL,KM,TR42	255 	255 	255 	255 	255 	255 	377 	377 	377 	377 	377 	384 
A,RL,KM,TR51	310 	472 	653 	653 	653 	653 	653 	653 	653 	653 	717 	717 
A,RL,KM,TR52	404 	404 	696 	696 	696 	696 	696 	696 	696 	696 	696 	696 
A,RL,KM,TR61	103 	103 	103 	103 	103 	103 	103 	103 	103 	103 	103 	103 
A,RL,KM,TR62	289 	289 	289 	289 	289 	289 	289 	289 	289 	289 	289 	289 
A,RL,KM,TR63	269 	270 	270 	270 	270 	270 	270 	270 	270 	270 	270 	270 
A,RL,KM,TR71	289 	289 	289 	289 	289 	289 	289 	289 	289 	289 	289 	289 
A,RL,KM,TR72	870 	870 	870 	918 	918 	918 	918 	962 	962 	962 	962 	962 
A,RL,KM,TR81	203 	189 	189 	189 	189 	189 	189 	189 	189 	189 	189 	189 
A,RL,KM,TR82	172 	172 	172 	172 	172 	172 	172 	172 	172 	172 	172 	172 
A,RL,KM,TR83	353 	354 	354 	354 	354 	354 	354 	354 	354 	354 	354 	354 
A,RL,KM,TR90	0 	0 	0 	0 	0 	0 	0 	0 	0 	0 	0 	0 
A,RL,KM,TRA1	437 	437 	437 	437 	437 	437 	435 	435 	435 	435 	435 	435 
A,RL,KM,TRA2	172 	172 	172 	172 	172 	172 	172 	172 	172 	248 	248 	248 
A,RL,KM,TRB1	627 	627 	627 	627 	627 	627 	627 	627 	627 	627 	627 	627 
A,RL,KM,TRB2	256 	256 	256 	256 	256 	256 	256 	256 	256 	256 	256 	256 
A,RL,KM,TRC1	315 	315 	315 	315 	315 	315 	315 	315 	315 	315 	315 	315 
A,RL,KM,TRC2	370 	370 	370 	370 	370 	370 	370 	370 	370 	370 	370 	370 
A,RL,KM,TRC3	210 	210 	210 	210 	210 	210 	210 	210 	210 	210 	210 	210 
A,RL,KM,UKN0	340 	340 	340 	333 	333 	333 	333 	333 	333 	333 	333 	: 
A,RL,KM_TKM2,BE10	616 	: 	: 	: 	: 	: 	0 	0 	0 d	0 d	: 	: 
A,RL,KM_TKM2,BE21	88 	: 	: 	: 	: 	: 	: 	: 	: 	: 	: 	: 
A,RL,KM_TKM2,BE22	113 	: 	: 	: 	: 	: 	: 	: 	: 	: 	: 	: 
A,RL,KM_TKM2,BE23	169 	: 	: 	: 	: 	: 	: 	: 	: 	: 	: 	: 
A,RL,KM_TKM2,BE24	145 	: 	: 	: 	: 	: 	: 	: 	: 	: 	: 	: 
A,RL,KM_TKM2,BE25	101 	: 	: 	: 	: 	: 	: 	: 	: 	: 	: 	: 
A,RL,KM_TKM2,BE31	118 	: 	: 	: 	: 	: 	: 	: 	: 	: 	: 	: 
A,RL,KM_TKM2,BE32	171 	: 	: 	: 	: 	: 	: 	: 	: 	: 	: 	: 
A,RL,KM_TKM2,BE33	120 	: 	: 	: 	: 	: 	: 	: 	: 	: 	: 	: 
A,RL,KM_TKM2,BE34	64 	: 	: 	: 	: 	: 	: 	: 	: 	: 	: 	: 
A,RL,KM_TKM2,BE35	88 	: 	: 	: 	: 	: 	: 	: 	: 	: 	: 	: 
A,RL,KM_TKM2,BG31	35 	35 	35 	34 	34 	35 	35 	35 	35 	35 	35 	35 
A,RL,KM_TKM2,BG32	43 	43 	43 	43 	43 	43 	43 	44 	43 	43 	43 	43 
A,RL,KM_TKM2,BG33	34 	34 	33 	33 	33 	33 	34 	33 	33 	33 	33 	33 
A,RL,KM_TKM2,BG34	36 	36 	35 	34 	34 	32 	32 	32 	32 	32 	32 	32 
A,RL,KM_TKM2,BG41	45 	45 	45 	44 	44 	44 	43 	44 	43 	43 	43 	43 
A,RL,KM_TKM2,BG42	36 	36 	35 	36 	36 	35 	35 	35 	36 	36 	36 	36 
A,RL,KM_TKM2,CY00	: z	: z	: z	: z	: z	: z	: z	: 	: 	: 	: 	: 
A,RL,KM_TKM2,CZ01	507 	511 	511 	511 	511 	503 	497 	497 	475 d	476 d	493 d	491 d
A,RL,KM_TKM2,CZ02	118 	118 	118 	118 	118 	119 	119 	119 	117 d	117 d	117 d	117 d
A,RL,KM_TKM2,CZ03	99 	99 	99 	99 	99 	99 	99 	99 	95 d	95 d	95 d	95 d
A,RL,KM_TKM2,CZ04	179 	179 	179 	179 	179 	179 	179 	179 	175 d	175 d	175 d	175 d
A,RL,KM_TKM2,CZ05	148 	148 	148 	148 	147 	147 	147 	147 	145 d	145 d	145 d	145 d
A,RL,KM_TKM2,CZ06	103 	102 	102 	102 	102 	103 	102 	103 	101 d	101 d	101 d	101 d
A,RL,KM_TKM2,CZ07	105 	105 	105 	105 	105 	105 	105 	105 	104 d	104 d	104 d	104 d
A,RL,KM_TKM2,CZ08	127 	127 	125 	125 	125 	125 	125 	126 	123 d	123 d	123 d	122 d
A,RL,KM_TKM2,DE30	708 d	703 d	676 d	658 d	654 d	650 d	650 d	702 d	702 d	698 d	698 d	698 d
A,RL,KM_TKM2,DE40	92 d	94 d	93 d	91 d	93 d	93 d	91 d	93 d	93 d	93 d	93 d	93 d
A,RL,KM_TKM2,DE50	423 d	428 d	406 d	394 d	394 d	391 d	389 d	332 d	337 d	337 d	337 d	337 d
A,RL,KM_TKM2,DE60	373 d	371 d	392 d	473 d	466 d	463 d	460 d	395 d	395 d	395 d	395 d	395 d
A,RL,KM_TKM2,DE80	66 d	69 d	72 d	72 d	73 d	72 d	72 d	71 d	71 d	71 d	71 d	71 d
A,RL,KM_TKM2,DEC0	135 d	135 d	142 d	143 d	144 d	144 d	141 d	136 d	135 d	134 d	134 d	134 d
A,RL,KM_TKM2,DEE0	109 d	108 d	108 d	108 d	108 d	107 d	107 d	113 d	118 d	117 d	117 d	117 d
A,RL,KM_TKM2,DEF0	82 d	82 d	80 d	81 d	81 d	81 d	81 d	81 d	81 d	81 d	81 d	81 d
A,RL,KM_TKM2,DEG0	95 d	94 d	99 d	99 d	99 d	99 d	99 d	94 d	96 d	96 d	101 d	101 d
A,RL,KM_TKM2,EE00	21 	21 	21 	21 	21 	21 	26 	27 	27 	27 	27 	27 
A,RL,KM_TKM2,EL30	57 	57 	57 	62 d	48 d	52 d	52 d	52 d	52 d	52 d	52 d	52 d
A,RL,KM_TKM2,EL41	: z	: z	: z	: 	: 	: 	0 d	0 d	0 d	0 d	0 d	0 d
A,RL,KM_TKM2,EL42	: z	: z	: z	: 	: 	: 	0 d	0 d	0 d	0 d	0 d	0 d
A,RL,KM_TKM2,EL43	: z	: z	: z	: 	: 	: 	0 d	0 d	0 d	0 d	0 d	0 d
A,RL,KM_TKM2,EL51	29 	29 	29 	29 d	29 d	29 d	29 d	29 d	29 d	29 d	29 d	29 d
A,RL,KM_TKM2,EL52	28 	28 	28 	28 d	28 d	28 d	28 d	28 d	28 d	28 d	28 d	28 d
A,RL,KM_TKM2,EL53	14 	14 	14 	12 d	12 d	12 d	9 d	9 d	9 d	9 d	9 d	9 d
A,RL,KM_TKM2,EL54	0 	0 	0 	0 d	0 d	0 d	0 d	0 d	0 d	0 d	0 d	0 d
A,RL,KM_TKM2,EL61	20 	20 	20 	20 d	19 d	19 d	19 d	19 d	19 d	19 d	19 d	19 d
A,RL,KM_TKM2,EL62	0 	0 	0 	0 d	0 d	0 d	0 d	0 d	0 d	0 d	0 d	0 d
A,RL,KM_TKM2,EL63	24 	24 	24 	23 d	19 d	19 d	19 d	19 d	19 d	19 d	19 d	19 d
A,RL,KM_TKM2,EL64	18 	18 	18 	18 d	18 d	18 d	18 d	18 d	18 d	18 d	21 d	20 d
A,RL,KM_TKM2,EL65	28 	28 	28 	28 d	16 d	16 d	16 d	16 d	16 d	16 d	16 d	16 d
A,RL,KM_TKM2,ES11	37 b	37 	37 	40 	40 	40 	40 	41 	41 d	41 d	41 d	: 
A,RL,KM_TKM2,ES12	67 b	65 	68 	68 	68 	65 	65 	64 	63 d	63 d	63 d	: 
A,RL,KM_TKM2,ES13	67 b	60 	67 	67 	67 	59 	59 	59 	58 d	58 d	58 d	: 
A,RL,KM_TKM2,ES21	87 b	87 	89 	90 	90 	88 	88 	89 	77 d	78 d	76 d	: 
A,RL,KM_TKM2,ES22	24 b	24 	24 	24 	24 	24 	24 	21 	21 d	21 d	21 d	: 
A,RL,KM_TKM2,ES23	22 b	22 	22 	22 	22 	22 	22 	22 	22 d	22 d	22 d	: 
A,RL,KM_TKM2,ES24	28 b	28 	28 	28 	28 	28 	28 	28 	27 d	27 d	27 d	: 
A,RL,KM_TKM2,ES30	88 b	89 	90 	91 	91 	88 	88 	88 	87 d	87 d	87 d	: 
A,RL,KM_TKM2,ES41	26 b	26 	26 	26 	26 	26 	25 	27 	27 d	27 d	27 d	: 
A,RL,KM_TKM2,ES42	20 b	20 	24 	24 	25 	26 	26 	26 	26 d	26 d	26 d	: 
A,RL,KM_TKM2,ES43	18 b	18 	18 	18 	18 	18 	18 	18 	18 d	18 d	18 d	: 
A,RL,KM_TKM2,ES51	57 b	57 	60 	59 	59 	58 	58 	58 	57 d	58 d	58 d	: 
A,RL,KM_TKM2,ES52	44 b	34 	39 	39 	38 	41 	41 	41 	40 d	41 d	41 d	: 
A,RL,KM_TKM2,ES53	21 b	23 	23 	23 	24 	24 	24 	23 	23 d	23 d	23 d	: 
A,RL,KM_TKM2,ES61	28 b	28 	27 	27 	27 	27 	27 	27 	27 d	27 d	27 d	: 
A,RL,KM_TKM2,ES62	25 b	25 	25 	25 	25 	25 	25 	25 	24 d	24 d	24 d	: 
A,RL,KM_TKM2,ES63	0 b	0 	0 	0 	0 	0 	0 	0 	0 d	0 d	0 d	: 
A,RL,KM_TKM2,ES64	0 b	0 	0 	0 	0 	0 	0 	0 	0 d	0 d	0 d	: 
A,RL,KM_TKM2,ES70	0 b	0 	0 	0 	0 	0 	0 	0 	0 d	0 d	0 d	: 
A,RL,KM_TKM2,FI19	28 	28 	28 	28 	28 	28 	28 	27 	25 d	25 d	25 d	25 d
A,RL,KM_TKM2,FI1B	46 	46 	46 	46 	46 	46 	46 	47 	45 d	45 d	45 d	45 d
A,RL,KM_TKM2,FI1C	31 	31 	31 	31 	31 	31 	31 	31 	28 d	28 d	28 d	28 d
A,RL,KM_TKM2,FI1D	14 	14 	14 	14 	14 	14 	14 	14 	13 d	13 d	13 d	13 d
A,RL,KM_TKM2,FI20	: z	: z	: z	: z	: z	: z	0 	0 	0 	0 	0 	: 
A,RL,KM_TKM2,FR10	154 d	152 d	152 d	152 d	152 d	152 d	151 d	151 d	152 d	152 d	152 d	152 d
A,RL,KM_TKM2,FRB0	: 	: 	: 	: 	: 	: 	: 	: 	: 	: 	51 	: 
A,RL,KM_TKM2,FRC1	: 	: 	: 	: 	: 	: 	: 	: 	: 	: 	52 	: 
A,RL,KM_TKM2,FRC2	: 	: 	: 	: 	: 	: 	: 	: 	: 	: 	55 	: 
A,RL,KM_TKM2,FRD1	: 	: 	: 	: 	: 	: 	: 	: 	: 	: 	38 	: 
A,RL,KM_TKM2,FRD2	: 	: 	: 	: 	: 	: 	: 	: 	: 	: 	64 	: 
A,RL,KM_TKM2,FRE1	: 	: 	: 	: 	: 	: 	: 	: 	: 	: 	107 	: 
A,RL,KM_TKM2,FRE2	: 	: 	: 	: 	: 	: 	: 	: 	: 	: 	74 	: 
A,RL,KM_TKM2,FRF1	: 	: 	: 	: 	: 	: 	: 	: 	: 	: 	90 	: 
A,RL,KM_TKM2,FRF2	: 	: 	: 	: 	: 	: 	: 	: 	: 	: 	57 	: 
A,RL,KM_TKM2,FRF3	: 	: 	: 	: 	: 	: 	: 	: 	: 	: 	67 	: 
A,RL,KM_TKM2,FRG0	: 	: 	: 	: 	: 	: 	: 	: 	: 	: 	43 	: 
A,RL,KM_TKM2,FRH0	: 	: 	: 	: 	: 	: 	: 	: 	: 	: 	41 	: 
A,RL,KM_TKM2,FRI1	: 	: 	: 	: 	: 	: 	: 	: 	: 	: 	34 	: 
A,RL,KM_TKM2,FRI2	: 	: 	: 	: 	: 	: 	: 	: 	: 	: 	47 	: 
A,RL,KM_TKM2,FRI3	: 	: 	: 	: 	: 	: 	: 	: 	: 	: 	44 	: 
A,RL,KM_TKM2,FRJ1	: 	: 	: 	: 	: 	: 	: 	: 	: 	: 	43 	: 
A,RL,KM_TKM2,FRJ2	: 	: 	: 	: 	: 	: 	: 	: 	: 	: 	30 	: 
A,RL,KM_TKM2,FRK1	: 	: 	: 	: 	: 	: 	: 	: 	: 	: 	39 	: 
A,RL,KM_TKM2,FRK2	: 	: 	: 	: 	: 	: 	: 	: 	: 	: 	58 	: 
A,RL,KM_TKM2,FRL0	: 	: 	: 	: 	: 	: 	: 	: 	: 	: 	42 	: 
A,RL,KM_TKM2,FRM0	: 	: 	: 	: 	: 	: 	: 	: 	: 	: 	27 	: 
A,RL,KM_TKM2,FRY1	: 	: 	: 	: 	: 	: 	: 	: 	: 	: 	0 	: 
A,RL,KM_TKM2,FRY2	: 	: 	: 	: 	: 	: 	: 	: 	: 	: 	0 	: 
A,RL,KM_TKM2,FRY3	: 	: 	: 	: 	: 	: 	: 	: 	: 	: 	0 	: 
A,RL,KM_TKM2,FRY4	: 	: 	: 	: 	: 	: 	: 	: 	: 	: 	0 	: 
A,RL,KM_TKM2,FRY5	: 	: 	: 	: 	: 	: 	: 	: 	: 	: 	0 	: 
A,RL,KM_TKM2,HR03	32 	32 	32 	32 	32 	32 	32 d	32 d	32 d	32 d	32 d	32 d
A,RL,KM_TKM2,HR04	61 	61 	61 	61 	61 	61 	57 d	57 d	57 d	57 d	57 d	58 d
A,RL,KM_TKM2,HU11	: 	: 	: 	: 	: 	: 	: 	: 	: 	: 	390 	: 
A,RL,KM_TKM2,HU12	: 	: 	: 	: 	: 	: 	: 	: 	: 	: 	76 	: 
A,RL,KM_TKM2,HU21	104 	93 d	93 d	93 d	93 d	104 d	104 d	92 d	100 d	101 d	101 d	101 d
A,RL,KM_TKM2,HU22	69 	85 d	85 d	104 d	89 d	86 d	86 d	88 d	80 d	80 d	80 d	80 d
A,RL,KM_TKM2,HU23	80 	68 d	68 d	67 d	67 d	77 d	75 d	66 d	76 d	76 d	76 d	76 d
A,RL,KM_TKM2,HU31	117 	64 d	64 d	64 d	64 d	69 d	69 d	66 d	72 d	72 d	72 d	72 d
A,RL,KM_TKM2,HU32	52 	79 d	79 d	65 d	76 d	83 d	77 d	77 d	80 d	80 d	80 d	80 d
A,RL,KM_TKM2,HU33	76 	73 d	73 d	66 d	66 d	76 d	71 d	69 d	69 d	69 d	69 d	69 d
A,RL,KM_TKM2,IE04	: 	: 	: 	: 	: 	: 	: 	: 	: 	: 	15 	: 
A,RL,KM_TKM2,IE05	: 	: 	: 	: 	: 	: 	: 	: 	: 	: 	24 	: 
A,RL,KM_TKM2,IE06	: 	: 	: 	: 	: 	: 	: 	: 	: 	: 	43 	: 
A,RL,KM_TKM2,IS00	: z	: 	: 	: 	: 	: 	: 	: 	: 	: 	: 	: 
A,RL,KM_TKM2,ITC1	75 	76 	76 	76 	76 	75 d	75 d	75 d	75 d	75 d	75 d	75 d
A,RL,KM_TKM2,ITC2	25 	25 	25 	25 	25 	25 d	25 d	25 d	25 d	25 d	25 d	25 d
A,RL,KM_TKM2,ITC3	94 	94 	94 	93 	93 	92 d	92 d	92 d	92 d	91 d	91 d	91 d
A,RL,KM_TKM2,ITC4	72 	73 	74 	74 	74 	70 d	70 d	70 d	73 d	73 d	73 d	73 d
A,RL,KM_TKM2,ITF1	48 	48 	48 	49 	49 	48 d	48 d	48 d	48 d	48 d	48 d	48 d
A,RL,KM_TKM2,ITF2	62 	62 	62 	61 	61 	59 d	59 d	59 d	59 d	59 d	59 d	59 d
A,RL,KM_TKM2,ITF3	81 	83 	83 	84 	84 	83 d	80 d	80 d	80 d	80 d	80 d	80 d
A,RL,KM_TKM2,ITF4	43 	43 	43 	44 	44 	43 d	43 d	43 d	43 d	43 d	43 d	43 d
A,RL,KM_TKM2,ITF5	37 	37 	37 	36 	36 	34 d	34 d	34 d	34 d	34 d	34 d	34 d
A,RL,KM_TKM2,ITF6	58 	58 	58 	58 	58 	56 d	56 d	56 d	56 d	56 d	56 d	56 d
A,RL,KM_TKM2,ITG1	54 	54 	54 	54 	54 	53 d	53 d	53 d	53 d	53 d	53 d	53 d
A,RL,KM_TKM2,ITG2	18 	18 	18 	18 	18 	18 d	18 d	18 d	18 d	18 d	18 d	18 d
A,RL,KM_TKM2,ITH1	49 	49 	49 	48 	48 	48 d	48 d	48 d	48 d	48 d	48 d	48 d
A,RL,KM_TKM2,ITH3	67 	67 	67 	68 	68 	65 d	65 d	65 d	65 d	65 d	65 d	65 d
A,RL,KM_TKM2,ITH4	62 	62 	62 	62 	62 	60 d	60 d	60 d	60 d	59 d	59 d	59 d
A,RL,KM_TKM2,ITH5	54 d	57 d	58 d	58 d	58 d	58 d	58 d	58 d	58 d	59 d	59 d	59 d
A,RL,KM_TKM2,ITI1	63 	64 	64 	65 	65 	64 d	64 d	64 d	64 d	64 d	64 d	64 d
A,RL,KM_TKM2,ITI2	44 	44 	44 	46 	46 	44 d	44 d	44 d	44 d	44 d	44 d	44 d
A,RL,KM_TKM2,ITI3	41 d	41 d	41 d	41 d	41 d	41 d	41 d	41 d	41 d	41 d	41 d	41 d
A,RL,KM_TKM2,ITI4	74 	74 	74 	72 	71 	70 d	70 d	70 d	71 d	71 d	71 d	71 d
A,RL,KM_TKM2,LI00	58 	58 	58 	58 	58 	58 	57 	57 	56 d	56 d	56 d	56 d
A,RL,KM_TKM2,LU00	106 	106 	106 	106 	106 	106 	106 	106 	106 d	106 d	105 d	105 d
A,RL,KM_TKM2,LV00	36 	30 	31 	30 	30 	30 	30 	30 	29 d	29 d	29 d	29 d
A,RL,KM_TKM2,MT00	: z	: z	: z	: z	: z	: z	: z	: z	: z	: z	: z	: 
A,RL,KM_TKM2,NL11	70 	70 	70 	70 	71 	71 	71 	71 	55 d	55 d	68 d	58 d
A,RL,KM_TKM2,NL12	45 	43 	45 	45 	45 	45 	45 	45 	26 d	26 d	26 d	26 d
A,RL,KM_TKM2,NL13	40 	40 	40 	40 	40 	40 	40 	40 	39 d	39 d	41 d	38 d
A,RL,KM_TKM2,NL21	91 	91 	91 	91 	91 	91 	94 	94 	91 d	91 d	93 d	92 d
A,RL,KM_TKM2,NL22	109 	109 	109 	109 	109 	109 	110 	110 	106 d	106 d	108 d	106 d
A,RL,KM_TKM2,NL23	28 	28 	28 	28 	28 	28 	47 	47 	28 d	28 d	28 d	28 d
A,RL,KM_TKM2,NL31	141 	141 	141 	142 	142 	142 	141 	141 	134 d	134 d	135 d	138 d
A,RL,KM_TKM2,NL32	134 	134 	139 	139 	139 	139 	139 	139 	89 d	89 d	89 d	84 d
A,RL,KM_TKM2,NL33	132 	132 	155 	155 	156 	156 	156 	154 	133 d	133 d	142 d	130 d
A,RL,KM_TKM2,NL34	51 	55 	55 	55 	55 	55 	45 	48 	33 d	33 d	43 d	35 d
A,RL,KM_TKM2,NL41	66 	66 	73 	72 	72 	72 	72 	72 	69 d	69 d	75 d	71 d
A,RL,KM_TKM2,NL42	114 	117 	117 	117 	117 	117 	117 	117 	115 d	115 d	120 d	109 d
A,RL,KM_TKM2,NO01	71 	71 	71 	71 	76 	76 	76 	75 	70 d	70 d	70 d	70 d
A,RL,KM_TKM2,NO02	19 	19 	19 	19 	19 	19 	19 	19 	18 d	18 d	18 d	18 d
A,RL,KM_TKM2,NO03	28 	28 	28 	28 	30 	30 	30 	30 	27 d	27 d	27 d	27 d
A,RL,KM_TKM2,NO04	18 	20 	20 	20 	19 	19 	19 	19 	17 d	17 d	17 d	17 d
A,RL,KM_TKM2,NO05	5 	5 	5 	5 	6 	6 	6 	6 	6 d	6 d	6 d	6 d
A,RL,KM_TKM2,NO06	19 	19 	19 	19 	19 	19 	19 	19 	18 d	18 d	18 d	18 d
A,RL,KM_TKM2,NO07	4 	4 	4 	4 	4 	4 	4 	4 	4 d	4 d	4 d	4 d
A,RL,KM_TKM2,PL21	73 d	74 d	74 d	74 d	74 d	74 d	72 	72 	70 d	71 d	72 d	71 d
A,RL,KM_TKM2,PL22	174 d	175 d	175 d	174 d	168 d	160 d	163 	162 	159 d	158 d	158 d	156 d
A,RL,KM_TKM2,PL41	69 d	71 d	68 d	68 d	69 d	66 d	64 	64 	63 d	63 d	63 d	63 d
A,RL,KM_TKM2,PL42	53 d	53 d	53 d	53 d	55 d	52 d	54 	54 	50 d	51 d	51 d	52 d
A,RL,KM_TKM2,PL43	69 d	69 d	69 d	69 d	69 d	66 d	67 	66 	64 d	63 d	65 d	66 d
A,RL,KM_TKM2,PL51	88 d	88 d	89 d	89 d	89 d	88 d	89 	87 	88 d	87 d	85 d	86 d
A,RL,KM_TKM2,PL52	92 d	92 d	92 d	92 d	87 d	85 d	82 	80 	83 d	82 d	83 d	84 d
A,RL,KM_TKM2,PL61	72 d	72 d	70 d	70 d	71 d	66 d	68 	68 	67 d	67 d	67 d	74 d
A,RL,KM_TKM2,PL62	50 d	50 d	50 d	51 d	51 d	45 d	49 	50 	45 d	45 d	45 d	47 d
A,RL,KM_TKM2,PL63	68 d	67 d	68 d	68 d	68 d	66 d	69 	69 	65 d	70 d	65 d	65 d
A,RL,KM_TKM2,PL71	: 	: 	: 	: 	: 	: 	: 	: 	: 	60 	60 	: 
A,RL,KM_TKM2,PL72	: 	: 	: 	: 	: 	: 	: 	: 	: 	32 	62 	: 
A,RL,KM_TKM2,PL81	: 	: 	: 	: 	: 	: 	: 	: 	: 	42 	42 	: 
A,RL,KM_TKM2,PL82	: 	: 	: 	: 	: 	: 	: 	: 	: 	51 	55 	: 
A,RL,KM_TKM2,PL84	: 	: 	: 	: 	: 	: 	: 	: 	: 	37 	38 	: 
A,RL,KM_TKM2,PT11	24 d	24 d	24 d	24 d	21 d	21 d	21 d	21 d	21 d	21 d	21 d	20 d
A,RL,KM_TKM2,PT15	44 d	44 d	44 d	44 d	44 d	35 d	35 d	35 d	35 d	35 d	35 d	35 d
A,RL,KM_TKM2,PT16	36 d	36 d	35 d	35 d	34 d	33 d	33 d	33 d	33 d	33 d	33 d	33 d
A,RL,KM_TKM2,PT17	83 d	81 d	81 d	81 d	82 d	90 d	91 d	91 d	91 d	91 d	91 d	91 d
A,RL,KM_TKM2,PT18	26 d	26 d	27 d	26 d	22 d	22 d	22 d	22 d	22 d	22 d	22 d	22 d
A,RL,KM_TKM2,PT20	: 	: 	: 	: 	: 	: 	0 	0 	0 	0 	0 	: 
A,RL,KM_TKM2,PT30	: 	: 	: 	: 	: 	: 	0 d	0 d	0 d	0 d	: 	: 
A,RL,KM_TKM2,RO11	50 	50 	50 	50 	50 	50 	50 	50 	49 d	49 d	49 d	49 d
A,RL,KM_TKM2,RO12	40 	40 	40 	39 	39 	39 	39 	39 	39 d	39 d	39 d	39 d
A,RL,KM_TKM2,RO21	45 	45 	45 	45 	45 	45 	45 	45 	44 d	44 d	44 d	44 d
A,RL,KM_TKM2,RO22	56 	56 	56 	56 	56 	56 	56 	56 	49 d	49 d	49 d	49 d
A,RL,KM_TKM2,RO31	37 	37 	37 	37 	37 	37 	37 	37 	36 d	36 d	36 d	36 d
A,RL,KM_TKM2,RO32	159 	159 	159 	159 	159 	159 	158 	158 	153 d	153 d	153 d	153 d
A,RL,KM_TKM2,RO41	35 	35 	35 	35 	35 	35 	35 	35 	34 d	34 d	34 d	34 d
A,RL,KM_TKM2,RO42	60 	60 	60 	60 	60 	60 	60 	60 	59 d	59 d	59 d	59 d
A,RL,KM_TKM2,SE11	61 	62 	61 	62 	61 	58 	57 	49 	61 	63 	63 	64 
A,RL,KM_TKM2,SE12	47 	47 	47 	47 	47 	46 	45 	45 	47 	47 	47 	47 
A,RL,KM_TKM2,SE21	35 	35 	36 	36 	35 	34 	34 	34 	34 	34 	34 	34 
A,RL,KM_TKM2,SE22	65 	65 	66 	67 	67 	78 	78 	78 	65 	65 	65 	64 
A,RL,KM_TKM2,SE23	53 	53 	51 	52 	52 	49 	48 	49 	51 	51 	51 	50 
A,RL,KM_TKM2,SE31	29 	29 	28 	29 	29 	26 	26 	26 	26 	26 	27 	27 
A,RL,KM_TKM2,SE32	20 	21 	21 	21 	22 	22 	22 	22 	22 	22 	22 	22 
A,RL,KM_TKM2,SE33	13 	13 	13 	13 	13 	13 	13 	13 	13 	13 	13 	13 
A,RL,KM_TKM2,SI03	: 	: 	: 	: 	: 	: 	: 	55 	55 d	55 d	55 d	55 d
A,RL,KM_TKM2,SI04	: 	: 	: 	: 	: 	: 	: 	67 	67 d	67 d	67 d	67 d
A,RL,KM_TKM2,SK01	115 	115 	115 	114 	114 	114 	114 d	114 d	114 d	115 d	115 d	115 d
A,RL,KM_TKM2,SK02	80 	80 	80 	80 	80 	80 	80 d	80 d	80 d	80 d	80 d	80 d
A,RL,KM_TKM2,SK03	65 	65 	65 	65 	65 	65 	65 d	66 d	66 d	66 d	66 d	66 d
A,RL,KM_TKM2,SK04	72 	72 	72 	72 	72 	72 	72 d	72 d	72 d	72 d	72 d	72 d
A,RL,KM_TKM2,TR10	38 	38 	38 	38 	38 	44 	44 	44 	43 d	43 d	43 d	53 d
A,RL,KM_TKM2,TR21	15 	15 	17 	17 	17 	19 	19 	19 	19 d	19 d	19 d	19 d
A,RL,KM_TKM2,TR22	12 	12 	12 	12 	12 	12 	12 	12 	11 d	11 d	11 d	11 d
A,RL,KM_TKM2,TR31	28 	28 	28 	28 	28 	30 	30 	30 	30 d	30 d	34 d	34 d
A,RL,KM_TKM2,TR32	9 	9 	9 	9 	9 	9 	9 	9 	9 d	9 d	9 d	9 d
A,RL,KM_TKM2,TR33	24 	24 	24 	24 	24 	24 	24 	24 	24 d	24 d	24 d	24 d
A,RL,KM_TKM2,TR41	12 	20 	20 	20 	20 	20 	28 	28 	28 d	28 d	28 d	28 d
A,RL,KM_TKM2,TR42	13 	13 	13 	13 	13 	13 	19 	19 	19 d	19 d	19 d	19 d
A,RL,KM_TKM2,TR51	13 	19 	27 	27 	27 	27 	27 	27 	26 d	26 d	28 d	28 d
A,RL,KM_TKM2,TR52	8 	8 	15 	15 	15 	15 	15 	15 	14 d	14 d	14 d	14 d
A,RL,KM_TKM2,TR61	3 	3 	3 	3 	3 	3 	3 	3 	3 d	3 d	3 d	3 d
A,RL,KM_TKM2,TR62	10 	10 	10 	10 	10 	10 	10 	10 	10 d	10 d	10 d	10 d
A,RL,KM_TKM2,TR63	12 	12 	12 	12 	12 	12 	12 	12 	11 d	11 d	11 d	11 d
A,RL,KM_TKM2,TR71	9 	9 	9 	9 	9 	9 	9 	9 	9 d	9 d	9 d	9 d
A,RL,KM_TKM2,TR72	15 	15 	15 	15 	15 	15 	15 	16 	16 d	16 d	16 d	16 d
A,RL,KM_TKM2,TR81	21 	20 	20 	20 	20 	20 	20 	20 	20 d	20 d	20 d	20 d
A,RL,KM_TKM2,TR82	7 	7 	7 	7 	7 	7 	7 	7 	6 d	6 d	6 d	6 d
A,RL,KM_TKM2,TR83	9 	9 	9 	9 	9 	9 	9 	9 	9 d	9 d	9 d	9 d
A,RL,KM_TKM2,TR90	0 	0 	0 	0 	0 	0 	0 	0 	0 d	0 d	0 d	0 d
A,RL,KM_TKM2,TRA1	11 	11 	11 	11 	11 	11 	11 	11 	11 d	11 d	11 d	11 d
A,RL,KM_TKM2,TRA2	6 	6 	6 	6 	6 	6 	6 	6 	6 d	8 d	8 d	8 d
A,RL,KM_TKM2,TRB1	17 	17 	17 	17 	17 	17 	17 	17 	17 d	17 d	17 d	17 d
A,RL,KM_TKM2,TRB2	6 	6 	6 	6 	6 	6 	6 	6 	6 d	6 d	6 d	6 d
A,RL,KM_TKM2,TRC1	21 	21 	21 	21 	21 	21 	21 	21 	20 d	20 d	20 d	20 d
A,RL,KM_TKM2,TRC2	11 	11 	11 	11 	11 	11 	11 	11 	11 d	11 d	11 d	11 d
A,RL,KM_TKM2,TRC3	8 	8 	8 	8 	8 	8 	8 	8 	8 d	8 d	8 d	8 d
A,RL,KM_TKM2,UKN0	25 	25 	25 	25 	25 	25 	25 	25 	24 d	24 d	24 d	: 
