freq,tra_infr,unit,geo\TIME_PERIOD	2008 	2009 	2010 	2011 	2012 	2013 	2014 	2015 	2016 	2017 	2018 	2019 
A,MWAY,KM,AT11	80 	80 	80 	80 	80 	80 	80 	80 	80 	80 	80 	80 
A,MWAY,KM,AT12	328 	328 	350 	350 	350 	350 	350 	350 	350 	375 	375 	380 
A,MWAY,KM,AT13	43 	43 	43 	43 	43 	43 	43 	43 	43 	43 	43 	43 
A,MWAY,KM,AT21	243 	243 	243 	243 	243 	243 	243 	243 	243 	243 	243 	243 
A,MWAY,KM,AT22	308 	308 	308 	308 	308 	308 	308 	308 	308 	308 	308 	308 
A,MWAY,KM,AT31	299 	299 	299 	299 	299 	299 	299 	299 	299 	299 	299 	299 
A,MWAY,KM,AT32	144 	144 	144 	144 	144 	144 	144 	144 	144 	144 	144 	144 
A,MWAY,KM,AT33	189 	189 	189 	189 	189 	189 	189 	189 	189 	189 	189 	189 
A,MWAY,KM,AT34	63 	63 	63 	63 	63 	63 	63 	63 	63 	63 	63 	63 
A,MWAY,KM,BE10	11 	11 	11 	11 	11 	11 	11 	11 	11 	11 	11 	11 
A,MWAY,KM,BE21	220 	220 	220 	220 	220 	220 	220 	220 	220 	220 	220 	220 
A,MWAY,KM,BE22	106 	106 	106 	106 	106 	106 	106 	106 	106 	106 	106 	106 
A,MWAY,KM,BE23	196 	196 	196 	196 	196 	196 	196 	196 	196 	196 	196 	196 
A,MWAY,KM,BE24	175 	175 	175 	175 	175 	175 	175 	175 	175 	175 	175 	175 
A,MWAY,KM,BE25	187 	187 	187 	187 	187 	187 	187 	187 	187 	187 	187 	187 
A,MWAY,KM,BE31	63 	63 	63 	63 	63 	63 	63 	63 	63 	63 	63 	63 
A,MWAY,KM,BE32	284 	284 	284 	284 	284 	284 	284 	284 	284 	284 	284 	284 
A,MWAY,KM,BE33	266 	266 	266 	266 	266 	266 	266 	266 	266 	266 	266 	266 
A,MWAY,KM,BE34	154 	154 	154 	154 	154 	154 	154 	154 	154 	154 	154 	154 
A,MWAY,KM,BE35	103 	103 	103 	103 	103 	103 	103 	103 	103 	103 	103 	103 
A,MWAY,KM,BG31	7 	7 	7 	7 	7 	7 	7 	7 	7 	7 	7 	18 
A,MWAY,KM,BG32	0 	0 	0 	0 	0 	0 	0 	0 	0 	0 	0 	0 
A,MWAY,KM,BG33	84 	84 	84 	84 	84 	91 	91 	95 	95 	95 	95 	95 
A,MWAY,KM,BG34	87 	87 	87 	87 	171 	203 	204 	223 	221 	222 	223 	223 
A,MWAY,KM,BG41	118 	118 	118 	139 	138 	163 	163 	215 	223 	216 	240 	262 
A,MWAY,KM,BG42	122 	122 	141 	141 	141 	141 	145 	194 	194 	194 	192 	192 
A,MWAY,KM,CH01	280 	280 	280 	280 	280 	280 	280 	337 	344 	344 	344 	: 
A,MWAY,KM,CH02	319 	319 	319 	325 	329 	329 	340 	419 	424 	438 	438 	: 
A,MWAY,KM,CH03	139 	139 	139 	139 	139 	139 	139 	139 	139 	139 	139 	: 
A,MWAY,KM,CH04	112 	135 	135 	138 	138 	138 	138 	151 	151 	151 	151 	: 
A,MWAY,KM,CH05	243 	243 	243 	243 	243 	243 	243 	383 	386 	386 	386 	: 
A,MWAY,KM,CH06	181 	181 	181 	181 	181 	181 	181 	259 	259 	259 	259 	: 
A,MWAY,KM,CH07	109 	109 	109 	109 	109 	109 	109 	137 	139 	139 	139 	: 
A,MWAY,KM,CY00	257 	257 	257 	257 	257 	257 	257 	257 	257 	257 	257 	257 
A,MWAY,KM,CZ01	11 	11 	11 	11 	11 	11 	11 	11 	44 	44 	44 	44 
A,MWAY,KM,CZ02	194 	194 	194 	194 	194 	194 	194 	194 	347 	351 	351 	351 
A,MWAY,KM,CZ03	125 	124 	125 	125 	125 	149 	149 	149 	157 	165 	172 	184 
A,MWAY,KM,CZ04	53 	53 	53 	57 	57 	56 	56 	56 	128 	128 	132 	132 
A,MWAY,KM,CZ05	24 	26 	26 	26 	26 	26 	26 	26 	34 	39 	39 	39 
A,MWAY,KM,CZ06	227 	227 	227 	227 	227 	227 	227 	227 	253 	253 	253 	253 
A,MWAY,KM,CZ07	29 	41 	46 	53 	53 	53 	53 	53 	160 	160 	160 	173 
A,MWAY,KM,CZ08	28 	54 	54 	54 	60 	60 	60 	60 	100 	100 	100 	100 
A,MWAY,KM,DE11	388 	399 	: 	: 	: 	: 	: 	: 	: 	: 	: 	: 
A,MWAY,KM,DE12	266 	267 	: 	: 	: 	: 	: 	: 	: 	: 	: 	: 
A,MWAY,KM,DE13	279 	280 	: 	: 	: 	: 	: 	: 	: 	: 	: 	: 
A,MWAY,KM,DE14	106 	113 	: 	: 	: 	: 	: 	: 	: 	: 	: 	: 
A,MWAY,KM,DE21	600 	597 	597 	: 	: 	: 	: 	: 	: 	: 	: 	: 
A,MWAY,KM,DE22	235 	239 	239 	: 	: 	: 	: 	: 	: 	: 	: 	: 
A,MWAY,KM,DE23	336 	336 	337 	: 	: 	: 	: 	: 	: 	: 	: 	: 
A,MWAY,KM,DE24	349 	349 	349 	: 	: 	: 	: 	: 	: 	: 	: 	: 
A,MWAY,KM,DE25	358 	356 	356 	: 	: 	: 	: 	: 	: 	: 	: 	: 
A,MWAY,KM,DE26	353 	353 	353 	: 	: 	: 	: 	: 	: 	: 	: 	: 
A,MWAY,KM,DE27	259 	272 	272 	: 	: 	: 	: 	: 	: 	: 	: 	: 
A,MWAY,KM,DE30	77 	77 	77 	77 	77 	77 	77 	77 	77 	77 	77 	77 
A,MWAY,KM,DE40	795 	795 	795 	795 	794 	794 	794 	805 	805 	806 	806 	806 
A,MWAY,KM,DE50	75 	75 	75 	75 	75 	75 	80 	80 	80 	80 	80 	80 
A,MWAY,KM,DE60	81 	81 	81 	81 	81 	81 	81 	81 	81 	81 	81 	76 
A,MWAY,KM,DE71	480 	480 	480 	: 	: 	: 	: 	: 	: 	: 	: 	: 
A,MWAY,KM,DE72	199 	199 	199 	: 	: 	: 	: 	: 	: 	: 	: 	: 
A,MWAY,KM,DE73	293 	293 	293 	: 	: 	: 	: 	: 	: 	: 	: 	: 
A,MWAY,KM,DE80	538 	552 	554 	554 	554 	554 	554 	568 	568 	578 	578 	578 
A,MWAY,KM,DE91	274 	286 	: 	: 	: 	: 	: 	: 	: 	: 	: 	: 
A,MWAY,KM,DE92	226 	226 	: 	: 	: 	: 	: 	: 	: 	: 	: 	: 
A,MWAY,KM,DE93	299 	372 	: 	: 	: 	: 	: 	: 	: 	: 	: 	: 
A,MWAY,KM,DE94	547 	547 	: 	: 	: 	: 	: 	: 	: 	: 	: 	: 
A,MWAY,KM,DEA1	638 	649 	649 	: 	: 	: 	: 	: 	: 	: 	: 	: 
A,MWAY,KM,DEA2	557 	558 	558 	: 	: 	: 	: 	: 	: 	: 	: 	: 
A,MWAY,KM,DEA3	356 	356 	356 	: 	: 	: 	: 	: 	: 	: 	: 	: 
A,MWAY,KM,DEA4	189 	190 	190 	: 	: 	: 	: 	: 	: 	: 	: 	: 
A,MWAY,KM,DEA5	447 	448 	448 	: 	: 	: 	: 	: 	: 	: 	: 	: 
A,MWAY,KM,DEB1	257 	257 	258 	: 	: 	: 	: 	: 	: 	: 	: 	: 
A,MWAY,KM,DEB2	184 	184 	187 	: 	: 	: 	: 	: 	: 	: 	: 	: 
A,MWAY,KM,DEB3	431 	431 	431 	: 	: 	: 	: 	: 	: 	: 	: 	: 
A,MWAY,KM,DEC0	240 	240 	240 	240 	240 	240 	240 	240 	240 	240 	240 	240 
A,MWAY,KM,DED2	216 	216 	216 	: 	: 	: 	: 	: 	: 	: 	: 	: 
A,MWAY,KM,DED4	203 	203 	203 	: 	: 	: 	: 	: 	: 	: 	: 	: 
A,MWAY,KM,DED5	111 	111 	111 	: 	: 	: 	: 	: 	: 	: 	: 	: 
A,MWAY,KM,DEE0	407 	407 	407 	407 	411 	411 	416 	416 	416 	416 	499 	499 
A,MWAY,KM,DEF0	510 	533 	533 	533 	536 	536 	538 	538 	544 	545 	545 	545 
A,MWAY,KM,DEG0	482 	498 	498 	498 	498 	511 	510 	521 	521 	521 	521 	521 
A,MWAY,KM,DK01	157 	157 d	157 	159 	160 	160 	159 	164 	164 	167 	167 	167 
A,MWAY,KM,DK02	260 	260 d	260 	260 	260 	267 	267 	267 	267 	270 	270 	279 
A,MWAY,KM,DK03	328 	329 d	329 	336 	372 	377 	377 	377 	378 	379 	379 	383 
A,MWAY,KM,DK04	197 	197 d	197 	200 	215 	223 	241 	242 	259 	306 	327 	330 
A,MWAY,KM,DK05	187 	187 d	187 	187 	187 	187 	187 	187 	186 	186 	186 	186 
A,MWAY,KM,EE00	104 	100 	115 	115 	124 	140 	141 	147 	145 	154 	154 	161 
A,MWAY,KM,ES11	907 	925 	961 	994 	995 	1015 	1031 	1080 	1105 	1105 	1112 	: 
A,MWAY,KM,ES12	389 	394 	394 	390 	408 	433 	454 	454 	453 	454 	454 	: 
A,MWAY,KM,ES13	214 	218 	218 	216 	227 	227 	227 	255 	255 	255 	255 	: 
A,MWAY,KM,ES21	510 	529 	535 	552 	533 	533 	474 	488 	496 	496 	496 	: 
A,MWAY,KM,ES22	345 	348 	356 	372 	372 	372 	372 	380 	380 	380 	380 	: 
A,MWAY,KM,ES23	159 	159 	159 	159 	165 	165 	176 	181 	181 	181 	181 	: 
A,MWAY,KM,ES24	667 	676 	704 	749 	752 	757 	767 	769 	788 	788 	793 	: 
A,MWAY,KM,ES30	751 	760 	753 	780 	771 	777 	783 	783 	771 	771 	766 	: 
A,MWAY,KM,ES41	1995 	2158 	2194 	2195 	2207 	2253 	2267 	2350 	2355 	2357 	2379 	: 
A,MWAY,KM,ES42	1553 	1636 	1775 	1772 	1816 	1816 	1812 	1812 	1815 	1815 	1817 	: 
A,MWAY,KM,ES43	640 	651 	668 	679 	694 	694 	700 	700 	703 	703 	703 	: 
A,MWAY,KM,ES51	1168 	1271 	1201 	1267 	1294 	1445 	1454 	1448 	1456 	1461 	1465 	: 
A,MWAY,KM,ES52	1091 	1091 	1116 	1131 	1138 	1142 	1142 	1141 	1183 	1186 	1190 	: 
A,MWAY,KM,ES53	94 	94 	94 	94 	94 	93 	94 	94 	94 	94 	94 	: 
A,MWAY,KM,ES61	2316 	2379 	2391 	2453 	2462 	2457 	2490 	2585 	2584 	2610 	2626 	: 
A,MWAY,KM,ES62	498 	517 	527 	533 	542 	569 	569 	572 	573 	596 	596 	: 
A,MWAY,KM,ES63	0 	0 	0 	0 	0 	0 	0 	0 	0 	0 	0 	: 
A,MWAY,KM,ES64	0 	0 	0 	0 	0 	0 	0 	0 	0 	0 	0 	: 
A,MWAY,KM,ES70	217 	217 	217 	219 	233 	233 	239 	246 	253 	271 	276 	: 
A,MWAY,KM,FI19	115 	114 	115 	126 	115 	115 	115 	115 	115 	115 	115 	115 
A,MWAY,KM,FI1B	257 	281 	281 	281 	281 	281 	322 	322 	322 	322 	322 	322 
A,MWAY,KM,FI1C	271 	271 	271 	271 	271 	281 	307 	307 	315 	318 	351 	351 
A,MWAY,KM,FI1D	95 	98 	112 	112 	112 	133 	138 	138 	138 	138 	138 	138 
A,MWAY,KM,FI20	0 	0 	0 	0 	0 	0 	0 	0 	0 	0 	0 	0 
A,MWAY,KM,FR10	605 	605 	605 	613 	613 	613 	613 	613 	613 	614 	613 	620 
A,MWAY,KM,FRB0	884 	983 	983 	982 	982 	982 	981 	981 	981 	980 	980 	980 
A,MWAY,KM,FRC1	686 	685 	685 	686 	683 	683 	683 	683 	683 	683 	683 	683 
A,MWAY,KM,FRC2	218 	218 	218 	218 	218 	218 	218 	218 	218 	218 	218 	218 
A,MWAY,KM,FRD1	255 	255 	284 	283 	287 	287 	297 	287 	287 	287 	287 	287 
A,MWAY,KM,FRD2	428 	427 	427 	427 	427 	427 	427 	443 	443 	442 	443 	442 
A,MWAY,KM,FRE1	627 	627 	627 	627 	627 	627 	627 	627 	626 	626 	626 	626 
A,MWAY,KM,FRE2	550 	550 	550 	550 	550 	550 	551 	551 	551 	551 	553 	553 
A,MWAY,KM,FRF1	301 	301 	302 	302 	302 	302 	302 	300 	300 	300 	300 	300 
A,MWAY,KM,FRF2	503 	503 	516 	516 	516 	515 	515 	515 	515 	522 	542 	543 
A,MWAY,KM,FRF3	465 	462 	462 	462 	462 	462 	462 	462 	462 	462 	462 	462 
A,MWAY,KM,FRG0	746 	745 	746 	748 	748 	748 	747 	747 	747 	747 	747 	747 
A,MWAY,KM,FRH0	50 	50 	50 	50 	50 	50 	50 	50 	50 	50 	50 	50 
A,MWAY,KM,FRI1	628 	635 	785 	785 	785 	875 	785 	876 	887 	886 	885 	885 
A,MWAY,KM,FRI2	263 	274 	274 	274 	274 	274 	274 	279 	279 	279 	279 	279 
A,MWAY,KM,FRI3	300 	300 	300 	300 	300 	300 	300 	300 	300 	300 	300 	300 
A,MWAY,KM,FRJ1	536 	546 	561 	563 	563 	563 	568 	568 	568 	568 	589 	589 
A,MWAY,KM,FRJ2	652 	652 	653 	652 	652 	652 	653 	653 	653 	652 	653 	652 
A,MWAY,KM,FRK1	380 	380 	380 	380 	380 	380 	380 	393 	393 	393 	393 	393 
A,MWAY,KM,FRK2	1211 	1211 	1230 	1245 	1244 	1294 	1294 	1300 	1300 	1300 	1305 	1305 
A,MWAY,KM,FRL0	754 	754 	754 	750 	750 	750 	754 	754 	759 	759 	762 	762 
A,MWAY,KM,FRM0	0 	0 	0 	0 	0 	0 	0 	0 	0 	0 	0 	0 
A,MWAY,KM,FRY1	: 	: 	: 	: 	: 	: 	0 	0 	0 	0 	0 	0 
A,MWAY,KM,FRY2	0 	0 	0 	0 	0 	0 	0 	0 	0 	0 	0 	0 
A,MWAY,KM,FRY3	0 	0 	0 	0 	0 	0 	0 	0 	0 	0 	0 	0 
A,MWAY,KM,FRY4	0 	0 	0 	0 	0 	0 	0 	0 	0 	0 	0 	0 
A,MWAY,KM,FRY5	: 	: 	: 	: 	: 	: 	0 	0 	0 	0 	0 	0 
A,MWAY,KM,HR03	603 	604 	604 	613 	613 	648 	650 	650 	650 	650 	650 	650 
A,MWAY,KM,HR04	596 	640 	640 	640 	640 	640 	640 	660 	660 	660 	660 	660 
A,MWAY,KM,HU11	: 	: 	: 	: 	: 	: 	62 	61 	61 	61 	61 	61 
A,MWAY,KM,HU12	: 	: 	: 	: 	: 	: 	239 	240 	241 	241 	243 	248 
A,MWAY,KM,HU21	254 	254 	267 	265 	265 	261 	261 	261 	261 	261 	261 	266 
A,MWAY,KM,HU22	167 	166 	165 	168 	168 	168 	168 	183 	188 	189 	189 	224 
A,MWAY,KM,HU23	125 	125 	297 	299 	299 	303 	303 	305 	305 	305 	305 	305 
A,MWAY,KM,HU31	174 	173 	173 	173 	173 	173 	174 	174 	174 	174 	176 	176 
A,MWAY,KM,HU32	132 	132 	132 	132 	132 	175 	190 	190 	190 	197 	226 	228 
A,MWAY,KM,HU33	143 	143 	145 	181 	181 	181 	181 	208 	208 	208 	209 	215 
A,MWAY,KM,IE04	: 	: 	: 	: 	: 	: 	83 	83 	83 	83 	83 	135 
A,MWAY,KM,IE05	: 	: 	: 	: 	: 	: 	471 	491 	491 	491 	491 	492 
A,MWAY,KM,IE06	: 	: 	: 	: 	: 	: 	344 	343 	343 	343 	343 	369 
A,MWAY,KM,ITC1	817 	817 	821 	821 	821 	821 	821 	829 	830 	830 	830 	: 
A,MWAY,KM,ITC2	114 	114 	114 	114 	114 	114 	114 	114 	114 	114 	114 	: 
A,MWAY,KM,ITC3	375 	375 	375 	375 	375 	375 	375 	375 	375 	375 	375 	: 
A,MWAY,KM,ITC4	587 	587 	589 	589 	604 	621 	679 	706 	708 	708 	715 	: 
A,MWAY,KM,ITF1	352 	352 	352 	352 	352 	352 	352 	355 	355 	355 	355 	: 
A,MWAY,KM,ITF2	36 	36 	36 	36 	36 	36 	36 	36 	36 	36 	36 	: 
A,MWAY,KM,ITF3	442 	442 	442 	442 	442 	442 	442 	443 	444 	444 	444 	: 
A,MWAY,KM,ITF4	313 	313 	313 	313 	313 	313 	313 	313 	313 	313 	313 	: 
A,MWAY,KM,ITF5	29 	29 	29 	29 	29 	29 	29 	29 	30 	30 	30 	: 
A,MWAY,KM,ITF6	295 	295 	295 	295 	295 	295 	295 	295 	288 	288 	288 	: 
A,MWAY,KM,ITG1	654 	654 	654 	654 	654 	662 	662 	678 	681 	681 	690 	: 
A,MWAY,KM,ITG2	: 	: 	: 	: 	: 	: 	: z	: 	: 	: 	: 	: 
A,MWAY,KM,ITH1	211 	211 	212 	212 	212 	212 d	212 d	212 d	212 d	212 d	212 d	: 
A,MWAY,KM,ITH3	493 	525 	525 	525 	556 	556 	576 	590 	588 	588 	595 	: 
A,MWAY,KM,ITH4	210 	210 	210 	210 	210 	210 	210 	210 	210 	210 	210 	: 
A,MWAY,KM,ITH5	568 	568 	568 	568 	568 	568 	568 	571 	572 	572 	572 	: 
A,MWAY,KM,ITI1	436 	436 	436 	436 	448 	448 	448 	463 	462 	462 	462 	: 
A,MWAY,KM,ITI2	59 	59 	59 	59 	59 	59 	59 	59 	59 	59 	59 	: 
A,MWAY,KM,ITI3	168 	168 	168 	168 	168 	168 	168 	168 	168 	168 	168 	: 
A,MWAY,KM,ITI4	470 	470 	470 	470 	470 	470 	485 	497 	498 	498 	498 	: 
A,MWAY,KM,LI00	: z	: z	: z	: z	: z	: z	0 	0 	0 	: z	0 	0 
A,MWAY,KM,LT01	: 	: 	: 	: 	: 	: 	: 	: 	: 	90 	90 	90 
A,MWAY,KM,LT02	: 	: 	: 	: 	: 	: 	: 	: 	: 	234 	234 	313 
A,MWAY,KM,LU00	147 	152 	152 	152 	152 	152 	152 	161 	161 	165 	165 	165 
A,MWAY,KM,LV00	0 	0 	0 	0 	0 	0 	0 	0 	0 	0 	0 	0 
A,MWAY,KM,MT00	: z	: z	: z	: z	: z	: 	0 	0 	0 	0 	0 	0 
A,MWAY,KM,NL11	93 	93 	95 	95 	95 	95 	95 	110 	110 	107 	107 	107 
A,MWAY,KM,NL12	186 	193 	196 	195 	201 	201 	202 	206 	206 	206 	207 	207 
A,MWAY,KM,NL13	110 	128 	128 	127 	127 	127 	127 	148 	148 	148 	148 	148 
A,MWAY,KM,NL21	133 	147 	147 	150 	149 	150 	150 	150 	155 	155 	155 	178 
A,MWAY,KM,NL22	391 	393 	393 	393 	393 	393 	393 	393 	393 	393 	394 	404 
A,MWAY,KM,NL23	99 	99 	99 	99 	101 	103 	103 	103 	102 	102 	103 	103 
A,MWAY,KM,NL31	177 	177 	177 	177 	177 	177 	177 	176 	176 	176 	176 	185 
A,MWAY,KM,NL32	283 	283 	283 	282 	284 	290 	296 	296 	295 	297 	298 	298 
A,MWAY,KM,NL33	353 	353 	361 	362 	362 	362 	362 	361 	368 	368 	367 	358 
A,MWAY,KM,NL34	84 	65 	63 	65 	69 	68 	70 	71 	87 	87 	86 	87 
A,MWAY,KM,NL41	491 	483 	490 	489 	489 	489 	492 	505 	504 	504 	504 	504 
A,MWAY,KM,NL42	183 	219 	216 	216 	213 	213 	213 	212 	212 	216 	212 	212 
A,MWAY,KM,NO01	112 	119 	128 	133 	144 	166 	178 	181 	181 	174 	174 	182 
A,MWAY,KM,NO02	0 	0 	14 	14 	16 	16 	28 	28 	28 	37 	37 	49 
A,MWAY,KM,NO03	110 	151 	165 	172 	169 	183 	183 	222 	222 	229 	232 	247 
A,MWAY,KM,NO04	25 	63 	63 	63 	51 	63 	63 	63 	63 	63 	63 	86 
A,MWAY,KM,NO05	11 	11 	11 	11 	13 	13 	13 	12 	13 	20 	20 	20 
A,MWAY,KM,NO06	0 	0 	0 	0 	0 	0 	0 	0 	0 	0 	9 	9 
A,MWAY,KM,NO07	0 	0 	0 	0 	0 	0 	0 	0 	0 	0 	0 	0 
A,MWAY,KM,PL21	59 	79 	80 	80 	137 	136 	151 	151 	151 	151 	151 	151 
A,MWAY,KM,PL22	83 	100 	107 	130 	169 	169 	176 	176 	176 	175 	175 	214 
A,MWAY,KM,PL41	195 	195 	195 	210 	210 	211 	211 	211 	211 	211 	211 	211 
A,MWAY,KM,PL42	22 	22 	22 	22 	22 	22 	25 	25 	25 	25 	25 	25 
A,MWAY,KM,PL43	0 	0 	0 	89 	89 	89 	89 	89 	89 	89 	89 	89 
A,MWAY,KM,PL51	150 	199 	199 	222 	222 	222 	222 	222 	222 	222 	222 	222 
A,MWAY,KM,PL52	88 	88 	88 	88 	88 	88 	88 	88 	88 	88 	88 	88 
A,MWAY,KM,PL61	25 	23 	23 	86 	100 	144 	165 	165 	165 	165 	165 	165 
A,MWAY,KM,PL62	0 	0 	0 	0 	1 	0 	0 	0 	0 	0 	0 	0 
A,MWAY,KM,PL63	66 	66 	66 	66 	66 	66 	66 	66 	66 	66 	66 	66 
A,MWAY,KM,PL71	77 	77 	77 	77 	188 	177 	188 	188 	188 	226 	226 	226 
A,MWAY,KM,PL72	0 	0 	0 	0 	0 	0 	0 	0 	0 	0 	0 	0 
A,MWAY,KM,PL81	0 	0 	0 	0 	0 	0 	0 	0 	0 	0 	0 	0 
A,MWAY,KM,PL82	0 	0 	0 	0 	7 	91 	112 	112 	112 	153 	153 	156 
A,MWAY,KM,PL84	0 	0 	0 	0 	0 	0 	0 	0 	0 	0 	0 	0 
A,MWAY,KM,PT20	0 	0 	0 	0 	0 	0 	0 	0 	0 	0 	0 	0 
A,MWAY,KM,PT30	0 	0 	0 	0 	0 	0 	0 	0 	0 	0 	0 	0 
A,MWAY,KM,RO11	0 	41 	52 	52 	52 	52 	52 	52 	52 	52 	68 	68 
A,MWAY,KM,RO12	0 	0 	0 	17 	18 	55 	93 	93 	93 	93 	129 	129 
A,MWAY,KM,RO21	0 	0 	0 	0 	0 	0 	0 	0 	0 	0 	0 	0 
A,MWAY,KM,RO22	1 	1 	1 	1 	74 	74 	74 	74 	74 	74 	74 	74 
A,MWAY,KM,RO31	229 	228 	228 	229 	260 	258 	258 	258 	258 	258 	258 	258 
A,MWAY,KM,RO32	51 	51 	51 	51 	77 	75 	75 	75 	75 	75 	83 	83 
A,MWAY,KM,RO41	0 	0 	0 	0 	0 	0 	0 	0 	0 	0 	0 	0 
A,MWAY,KM,RO42	0 	0 	0 	0 	69 	130 	131 	195 	195 	211 	211 	254 
A,MWAY,KM,SE11	262 	297 	296 	297 	297 	304 	308 	310 	309 	313 	313 	313 
A,MWAY,KM,SE12	553 	565 	585 	582 	580 	579 	590 	589 	589 	589 	589 	589 
A,MWAY,KM,SE21	190 	191 	194 	194 	194 	194 	194 	194 	194 	197 	197 	197 
A,MWAY,KM,SE22	309 	307 	320 	329 	333 	342 	356 	361 	361 	365 	365 	366 
A,MWAY,KM,SE23	428 	454 	467 	473 	517 	542 	543 	568 	568 	570 	570 	570 
A,MWAY,KM,SE31	92 	89 	89 	62 	62 	62 	62 	61 	61 	63 	63 	63 
A,MWAY,KM,SE32	16 	15 	15 	15 	15 	15 	29 	29 	29 	29 	29 	29 
A,MWAY,KM,SE33	6 	6 	6 	6 	6 	6 	6 	6 	6 	6 	6 	6 
A,MWAY,KM,SI03	: 	: 	: 	: 	384 	391 	315 	315 	315 	322 	327 	327 
A,MWAY,KM,SI04	: 	: 	: 	: 	385 	380 	292 	295 	295 	296 	296 	296 
A,MWAY,KM,SK01	110 	110 	110 	114 	114 	114 	112 	110 	110 	110 	110 	110 
A,MWAY,KM,SK02	147 	147 	158 	158 	158 	155 	155 	155 	155 	155 	155 	155 
A,MWAY,KM,SK03	69 	70 	70 	69 	69 	67 	67 	83 	83 	102 	102 	102 
A,MWAY,KM,SK04	66 	73 	89 	89 	91 	89 	87 	116 	116 	116 	116 	129 
A,MWAY,KM,TR10	194 	186 	186 	186 	186 	303 	303 	303 	451 	451 	513 	513 
A,MWAY,KM,TR21	183 	165 	165 	165 	165 	165 	165 	165 	165 	165 	165 	165 
A,MWAY,KM,TR22	0 	0 	0 	0 	0 	: 	: 	: 	: 	39 	70 	104 
A,MWAY,KM,TR31	210 	209 	209 	213 	213 	213 	221 	225 	247 	258 	258 	349 
A,MWAY,KM,TR32	51 	51 	51 	51 	51 	51 	51 	51 	53 	53 	53 	53 
A,MWAY,KM,TR33	0 	0 	0 	0 	0 	: 	: 	: 	: 	48 	100 	128 
A,MWAY,KM,TR41	65 	65 	74 	74 	74 	74 	80 	80 	131 	148 	148 	199 
A,MWAY,KM,TR42	329 	331 	331 	331 	331 	330 	330 	330 	367 	367 	405 	419 
A,MWAY,KM,TR51	199 	198 	198 	198 	198 	198 	198 	198 	198 	198 	200 	200 
A,MWAY,KM,TR52	0 	0 	0 	0 	0 	: 	: 	: 	: 	: 	: 	0 
A,MWAY,KM,TR61	0 	0 	0 	0 	0 	: 	: 	: 	: 	: 	: 	0 
A,MWAY,KM,TR62	311 	311 	318 	311 	309 	307 	307 	307 	307 	307 	307 	307 
A,MWAY,KM,TR63	203 	195 	195 	195 	195 	194 	194 	194 	194 	194 	194 	194 
A,MWAY,KM,TR71	0 	70 	70 	104 	114 	115 	135 	135 	135 	135 	135 	135 
A,MWAY,KM,TR72	0 	0 	0 	0 	0 	: 	: 	: 	: 	: 	: 	0 
A,MWAY,KM,TR81	0 	0 	0 	0 	0 	: 	: 	: 	: 	: 	: 	0 
A,MWAY,KM,TR82	0 	0 	0 	0 	0 	: 	: 	: 	: 	: 	: 	0 
A,MWAY,KM,TR83	0 	0 	0 	0 	0 	: 	: 	: 	: 	: 	: 	0 
A,MWAY,KM,TR90	0 	0 	0 	0 	0 	0 	0 	0 	0 	0 	0 	0 
A,MWAY,KM,TRA1	0 	0 	0 	0 	0 	: 	: 	: 	: 	: 	: 	0 
A,MWAY,KM,TRA2	0 	0 	0 	0 	0 	: 	: 	: 	: 	: 	: 	0 
A,MWAY,KM,TRB1	0 	0 	0 	0 	0 	: 	: 	: 	: 	: 	: 	0 
A,MWAY,KM,TRB2	0 	0 	0 	0 	0 	: 	: 	: 	: 	: 	: 	0 
A,MWAY,KM,TRC1	156 	134 	137 	145 	145 	148 	148 	148 	148 	148 	148 	148 
A,MWAY,KM,TRC2	109 	121 	146 	146 	146 	146 	146 	146 	146 	146 	146 	146 
A,MWAY,KM,TRC3	0 	0 	0 	0 	0 	: 	: 	: 	: 	: 	: 	0 
A,MWAY,KM,UKN0	114 	114 	114 	115 	116 	115 	115 	115 	115 	115 	115 	: 
A,MWAY,KM_TKM2,AT11	22 	22 	22 	22 	22 	22 	22 	22 	20 	20 	20 	20 
A,MWAY,KM_TKM2,AT12	17 	17 	18 	18 	19 	19 	19 	19 	18 	20 	20 	20 
A,MWAY,KM_TKM2,AT13	109 	109 	109 	109 	109 	109 	109 	109 	104 	104 	104 	104 
A,MWAY,KM_TKM2,AT21	26 	26 	26 	26 	26 	26 	26 	26 	25 	25 	25 	25 
A,MWAY,KM_TKM2,AT22	19 	19 	19 	19 	19 	19 	19 	19 	19 	19 	19 	19 
A,MWAY,KM_TKM2,AT31	26 	26 	26 	26 	26 	26 	26 	26 	25 	25 	25 	25 
A,MWAY,KM_TKM2,AT32	20 	20 	20 	20 	20 	20 	20 	20 	20 	20 	20 	20 
A,MWAY,KM_TKM2,AT33	15 	15 	15 	15 	15 	15 	15 	15 	15 	15 	15 	15 
A,MWAY,KM_TKM2,AT34	25 	25 	25 	25 	25 	25 	25 	25 	24 	24 	24 	24 
A,MWAY,KM_TKM2,BE10	70 	70 	71 	70 	70 	70 	70 	70 	70 	70 	70 	70 
A,MWAY,KM_TKM2,BE21	79 	79 	77 	79 	79 	79 	79 	79 	77 	77 	77 	77 
A,MWAY,KM_TKM2,BE22	44 	44 	44 	44 	44 	44 	44 	44 	44 	44 	44 	44 
A,MWAY,KM_TKM2,BE23	66 	66 	66 	66 	66 	66 	66 	66 	66 	66 	66 	66 
A,MWAY,KM_TKM2,BE24	83 	83 	83 	83 	83 	83 	83 	83 	83 	83 	83 	83 
A,MWAY,KM_TKM2,BE25	60 	60 	60 	60 	60 	60 	60 	60 	60 	60 	60 	60 
A,MWAY,KM_TKM2,BE31	57 	57 	58 	57 	57 	57 	57 	57 	57 	57 	57 	57 
A,MWAY,KM_TKM2,BE32	75 	75 	75 	75 	75 	75 	75 	75 	75 	75 	75 	75 
A,MWAY,KM_TKM2,BE33	69 	69 	69 	69 	69 	69 	69 	69 	69 	69 	69 	69 
A,MWAY,KM_TKM2,BE34	35 	35 	35 	35 	35 	35 	35 	35 	35 	35 	35 	35 
A,MWAY,KM_TKM2,BE35	28 	28 	28 	28 	28 	28 	28 	28 	28 	28 	28 	28 
A,MWAY,KM_TKM2,BG31	0 	0 	0 	0 	0 	0 	0 	0 	0 	0 	0 	1 
A,MWAY,KM_TKM2,BG32	0 	0 	0 	0 	0 	0 	0 	0 	0 	0 	0 	0 
A,MWAY,KM_TKM2,BG33	6 	6 	6 	6 	6 	6 	6 	7 	7 	7 	7 	7 
A,MWAY,KM_TKM2,BG34	4 	4 	4 	4 	9 	10 	11 	12 	11 	11 	11 	11 
A,MWAY,KM_TKM2,BG41	6 	6 	6 	7 	7 	8 	8 	11 	11 	11 	12 	13 
A,MWAY,KM_TKM2,BG42	6 	6 	6 	6 	6 	6 	7 	9 	9 	9 	9 	9 
A,MWAY,KM_TKM2,CH01	34 	34 	34 	34 	34 	34 	34 	41 	39 	39 	39 	: 
A,MWAY,KM_TKM2,CH02	33 	33 	33 	33 	34 	34 	35 	43 	42 	44 	44 	: 
A,MWAY,KM_TKM2,CH03	71 	71 	71 	71 	71 	71 	71 	71 	71 	71 	71 	: 
A,MWAY,KM_TKM2,CH04	67 	81 	81 	83 	83 	83 	83 	91 	87 	87 	87 	: 
A,MWAY,KM_TKM2,CH05	21 	21 	21 	21 	21 	21 	21 	34 	33 	33 	33 	: 
A,MWAY,KM_TKM2,CH06	42 	42 	42 	42 	42 	42 	42 	61 	58 	58 	58 	: 
A,MWAY,KM_TKM2,CH07	40 	40 	40 	40 	40 	40 	40 	50 	49 	49 	49 	: 
A,MWAY,KM_TKM2,CY00	28 	28 	28 	28 	28 	28 	28 	28 	28 	28 	28 	28 
A,MWAY,KM_TKM2,CZ01	23 	22 	22 	22 	22 	23 	22 	23 	89 	89 	90 	90 
A,MWAY,KM_TKM2,CZ02	18 	18 	18 	18 	18 	18 	18 	18 	31 	32 	32 	32 
A,MWAY,KM_TKM2,CZ03	7 	7 	7 	7 	7 	9 	9 	9 	9 	9 	10 	10 
A,MWAY,KM_TKM2,CZ04	6 	6 	6 	7 	7 	7 	7 	7 	15 	15 	15 	15 
A,MWAY,KM_TKM2,CZ05	2 	2 	2 	2 	2 	2 	2 	2 	3 	3 	3 	3 
A,MWAY,KM_TKM2,CZ06	17 	17 	17 	17 	17 	17 	17 	17 	18 	18 	18 	18 
A,MWAY,KM_TKM2,CZ07	3 	4 	5 	6 	6 	6 	6 	6 	17 	17 	17 	19 
A,MWAY,KM_TKM2,CZ08	5 	10 	10 	10 	11 	11 	11 	11 	18 	18 	18 	18 
A,MWAY,KM_TKM2,DE11	37 	38 	: 	: 	: 	: 	: 	: 	: 	: 	: 	: 
A,MWAY,KM_TKM2,DE12	38 	39 	: 	: 	: 	: 	: 	: 	: 	: 	: 	: 
A,MWAY,KM_TKM2,DE13	30 	30 	: 	: 	: 	: 	: 	: 	: 	: 	: 	: 
A,MWAY,KM_TKM2,DE14	12 	13 	: 	: 	: 	: 	: 	: 	: 	: 	: 	: 
A,MWAY,KM_TKM2,DE21	34 	34 	34 	: 	: 	: 	: 	: 	: 	: 	: 	: 
A,MWAY,KM_TKM2,DE22	23 	23 	23 	: 	: 	: 	: 	: 	: 	: 	: 	: 
A,MWAY,KM_TKM2,DE23	35 	35 	35 	: 	: 	: 	: 	: 	: 	: 	: 	: 
A,MWAY,KM_TKM2,DE24	48 	48 	48 	: 	: 	: 	: 	: 	: 	: 	: 	: 
A,MWAY,KM_TKM2,DE25	49 	49 	49 	: 	: 	: 	: 	: 	: 	: 	: 	: 
A,MWAY,KM_TKM2,DE26	41 	41 	41 	: 	: 	: 	: 	: 	: 	: 	: 	: 
A,MWAY,KM_TKM2,DE27	26 	27 	27 	: 	: 	: 	: 	: 	: 	: 	: 	: 
A,MWAY,KM_TKM2,DE30	86 	86 	86 	87 	86 	86 	86 	86 	86 	86 	86 	86 
A,MWAY,KM_TKM2,DE40	27 	27 	27 	27 	27 	27 	27 	27 	27 	27 	27 	27 
A,MWAY,KM_TKM2,DE50	186 	186 	186 	179 	179 	179 	191 	191 	191 	191 	191 	191 
A,MWAY,KM_TKM2,DE60	107 	107 	107 	107 	107 	107 	107 	107 	107 	107 	107 	101 
A,MWAY,KM_TKM2,DE71	64 	64 	64 	: 	: 	: 	: 	: 	: 	: 	: 	: 
A,MWAY,KM_TKM2,DE72	37 	37 	37 	: 	: 	: 	: 	: 	: 	: 	: 	: 
A,MWAY,KM_TKM2,DE73	35 	35 	35 	: 	: 	: 	: 	: 	: 	: 	: 	: 
A,MWAY,KM_TKM2,DE80	23 	24 	24 	24 	24 	24 	24 	24 	24 	25 	25 	25 
A,MWAY,KM_TKM2,DE91	34 	35 	: 	: 	: 	: 	: 	: 	: 	: 	: 	: 
A,MWAY,KM_TKM2,DE92	25 	25 	: 	: 	: 	: 	: 	: 	: 	: 	: 	: 
A,MWAY,KM_TKM2,DE93	19 	24 	: 	: 	: 	: 	: 	: 	: 	: 	: 	: 
A,MWAY,KM_TKM2,DE94	37 	37 	: 	: 	: 	: 	: 	: 	: 	: 	: 	: 
A,MWAY,KM_TKM2,DEA1	121 	123 	123 	: 	: 	: 	: 	: 	: 	: 	: 	: 
A,MWAY,KM_TKM2,DEA2	76 	76 	76 	: 	: 	: 	: 	: 	: 	: 	: 	: 
A,MWAY,KM_TKM2,DEA3	52 	52 	52 	: 	: 	: 	: 	: 	: 	: 	: 	: 
A,MWAY,KM_TKM2,DEA4	29 	29 	29 	: 	: 	: 	: 	: 	: 	: 	: 	: 
A,MWAY,KM_TKM2,DEA5	56 	56 	56 	: 	: 	: 	: 	: 	: 	: 	: 	: 
A,MWAY,KM_TKM2,DEB1	32 	32 	32 	: 	: 	: 	: 	: 	: 	: 	: 	: 
A,MWAY,KM_TKM2,DEB2	37 	37 	38 	: 	: 	: 	: 	: 	: 	: 	: 	: 
A,MWAY,KM_TKM2,DEB3	63 	63 	63 	: 	: 	: 	: 	: 	: 	: 	: 	: 
A,MWAY,KM_TKM2,DEC0	93 	93 	93 	93 	93 	93 	93 	93 	93 	93 	93 	93 
A,MWAY,KM_TKM2,DED2	27 	27 	27 	: 	: 	: 	: 	: 	: 	: 	: 	: 
A,MWAY,KM_TKM2,DED4	31 	31 	31 	: 	: 	: 	: 	: 	: 	: 	: 	: 
A,MWAY,KM_TKM2,DED5	28 	28 	28 	: 	: 	: 	: 	: 	: 	: 	: 	: 
A,MWAY,KM_TKM2,DEE0	20 	20 	20 	20 	20 	20 	20 	20 	20 	20 	24 	24 
A,MWAY,KM_TKM2,DEF0	32 	34 	34 	34 	34 	34 	34 	34 	34 	34 	34 	34 
A,MWAY,KM_TKM2,DEG0	30 	31 	31 	31 	31 	32 	32 	32 	32 	32 	32 	32 
A,MWAY,KM_TKM2,DK01	61 	61 d	61 	62 	63 	63 	62 	64 	64 	65 	65 	65 
A,MWAY,KM_TKM2,DK02	36 	36 d	36 	36 	36 	37 	37 	37 	37 	37 	37 	39 
A,MWAY,KM_TKM2,DK03	27 	27 d	27 	27 	30 	31 	31 	31 	31 	31 	31 	31 
A,MWAY,KM_TKM2,DK04	15 	15 d	15 	15 	17 	17 	19 	19 	20 	24 	25 	25 
A,MWAY,KM_TKM2,DK05	24 	24 d	24 	24 	24 	24 	24 	24 	24 	24 	24 	24 
A,MWAY,KM_TKM2,EE00	2 	2 	3 	3 	3 	3 	3 	3 	3 	4 	4 	4 
A,MWAY,KM_TKM2,ES11	31 	32 	33 	34 	34 	35 	35 	37 	37 	37 	38 	: 
A,MWAY,KM_TKM2,ES12	37 	37 	37 	37 	39 	41 	43 	43 	43 	43 	43 	: 
A,MWAY,KM_TKM2,ES13	41 	41 	41 	41 	43 	43 	43 	48 	48 	48 	48 	: 
A,MWAY,KM_TKM2,ES21	71 	73 	74 	77 	74 	74 	66 	68 	69 	69 	69 	: 
A,MWAY,KM_TKM2,ES22	33 	34 	34 	36 	36 	36 	36 	37 	37 	37 	37 	: 
A,MWAY,KM_TKM2,ES23	32 	32 	32 	32 	33 	33 	35 	36 	36 	36 	36 	: 
A,MWAY,KM_TKM2,ES24	14 	14 	15 	16 	16 	16 	16 	16 	17 	17 	17 	: 
A,MWAY,KM_TKM2,ES30	94 	95 	95 	98 	97 	98 	98 	98 	96 	96 	95 	: 
A,MWAY,KM_TKM2,ES41	21 	23 	23 	23 	24 	24 	24 	25 	25 	25 	25 	: 
A,MWAY,KM_TKM2,ES42	20 	21 	23 	22 	23 	23 	23 	23 	23 	23 	23 	: 
A,MWAY,KM_TKM2,ES43	16 	16 	16 	17 	17 	17 	17 	17 	17 	17 	17 	: 
A,MWAY,KM_TKM2,ES51	37 	40 	38 	40 	40 	45 	46 	45 	45 	46 	46 	: 
A,MWAY,KM_TKM2,ES52	47 	47 	48 	49 	49 	50 	49 	49 	51 	51 	51 	: 
A,MWAY,KM_TKM2,ES53	19 	19 	19 	19 	19 	19 	19 	19 	19 	19 	19 	: 
A,MWAY,KM_TKM2,ES61	27 	27 	28 	28 	28 	28 	29 	30 	29 	30 	30 	: 
A,MWAY,KM_TKM2,ES62	44 	46 	47 	47 	48 	50 	50 	51 	51 	53 	53 	: 
A,MWAY,KM_TKM2,ES63	0 	0 	0 	0 	0 	0 	0 	0 	0 	0 	0 	: 
A,MWAY,KM_TKM2,ES64	0 	0 	0 	0 	0 	0 	0 	0 	0 	0 	0 	: 
A,MWAY,KM_TKM2,ES70	29 	29 	29 	29 	31 	31 	32 	33 	34 	36 	37 	: 
A,MWAY,KM_TKM2,FI19	2 	2 	2 	2 	2 	2 	2 	2 	2 	2 	2 	2 
A,MWAY,KM_TKM2,FI1B	28 	31 	31 	31 	31 	31 	35 	35 	34 	34 	34 	34 
A,MWAY,KM_TKM2,FI1C	9 	9 	9 	9 	9 	9 	10 	10 	9 	9 	10 	10 
A,MWAY,KM_TKM2,FI1D	0 	0 	1 	1 	1 	1 	1 	1 	1 	1 	1 	1 
A,MWAY,KM_TKM2,FI20	0 	0 	0 	0 	0 	0 	0 	0 	0 	0 	0 	0 
A,MWAY,KM_TKM2,FR10	50 	50 	50 	51 	51 	51 	51 	51 	51 	51 	51 	52 
A,MWAY,KM_TKM2,FRB0	23 	25 	25 	25 	25 	25 	25 	25 	25 	25 	25 	: 
A,MWAY,KM_TKM2,FRC1	22 	22 	22 	22 	22 	22 	22 	22 	22 	22 	22 	: 
A,MWAY,KM_TKM2,FRC2	13 	13 	13 	13 	13 	13 	13 	13 	13 	13 	13 	: 
A,MWAY,KM_TKM2,FRD1	14 	14 	16 	16 	16 	16 	17 	16 	16 	16 	16 	: 
A,MWAY,KM_TKM2,FRD2	35 	35 	35 	35 	35 	35 	35 	36 	36 	36 	36 	: 
A,MWAY,KM_TKM2,FRE1	51 	51 	51 	51 	51 	51 	51 	51 	50 	50 	50 	: 
A,MWAY,KM_TKM2,FRE2	28 	28 	28 	28 	28 	28 	28 	28 	28 	28 	29 	: 
A,MWAY,KM_TKM2,FRF1	36 	36 	37 	37 	37 	37 	37 	36 	36 	36 	36 	: 
A,MWAY,KM_TKM2,FRF2	20 	20 	20 	20 	20 	20 	20 	20 	20 	20 	21 	: 
A,MWAY,KM_TKM2,FRF3	20 	20 	20 	20 	20 	20 	20 	20 	20 	20 	20 	: 
A,MWAY,KM_TKM2,FRG0	23 	23 	23 	23 	23 	23 	23 	23 	23 	23 	23 	: 
A,MWAY,KM_TKM2,FRH0	2 	2 	2 	2 	2 	2 	2 	2 	2 	2 	2 	: 
A,MWAY,KM_TKM2,FRI1	15 	15 	19 	19 	19 	21 	19 	21 	21 	21 	21 	: 
A,MWAY,KM_TKM2,FRI2	15 	16 	16 	16 	16 	16 	16 	16 	16 	16 	16 	: 
A,MWAY,KM_TKM2,FRI3	12 	12 	12 	12 	12 	12 	12 	12 	12 	12 	12 	: 
A,MWAY,KM_TKM2,FRJ1	20 	20 	21 	21 	21 	21 	21 	21 	21 	21 	22 	: 
A,MWAY,KM_TKM2,FRJ2	14 	14 	14 	14 	14 	14 	14 	14 	14 	14 	14 	: 
A,MWAY,KM_TKM2,FRK1	15 	15 	15 	15 	15 	15 	15 	15 	15 	15 	15 	: 
A,MWAY,KM_TKM2,FRK2	27 	27 	28 	28 	28 	29 	29 	29 	29 	29 	29 	: 
A,MWAY,KM_TKM2,FRL0	24 	24 	24 	24 	24 	24 	24 	24 	24 	24 	24 	: 
A,MWAY,KM_TKM2,FRM0	0 	0 	0 	0 	0 	0 	0 	0 	0 	0 	0 	: 
A,MWAY,KM_TKM2,FRY1	: 	: 	: 	: 	: 	: 	0 	0 	0 	0 	0 	: 
A,MWAY,KM_TKM2,FRY2	0 	0 	0 	0 	0 	0 	0 	0 	0 	0 	0 	: 
A,MWAY,KM_TKM2,FRY3	0 	0 	0 	0 	0 	0 	0 	0 	0 	0 	0 	: 
A,MWAY,KM_TKM2,FRY4	0 	0 	0 	0 	0 	0 	0 	0 	0 	0 	0 	: 
A,MWAY,KM_TKM2,FRY5	0 	0 	0 	0 	0 	0 	0 	0 	0 	0 	0 	: 
A,MWAY,KM_TKM2,HR03	24 	24 	24 	25 	25 	26 	26 	26 	26 	26 	26 	26 
A,MWAY,KM_TKM2,HR04	19 	20 	20 	20 	20 	20 	20 	21 	21 	21 	21 	21 
A,MWAY,KM_TKM2,HU11	: 	: 	: 	: 	: 	: 	: 	: 	: 	: 	120 	: 
A,MWAY,KM_TKM2,HU12	: 	: 	: 	: 	: 	: 	: 	: 	: 	: 	39 	: 
A,MWAY,KM_TKM2,HU21	23 	23 	24 	24 	24 	24 	24 	24 	24 	24 	24 	24 
A,MWAY,KM_TKM2,HU22	15 	15 	15 	15 	15 	15 	15 	16 	17 	17 	17 	20 
A,MWAY,KM_TKM2,HU23	9 	9 	21 	21 	21 	21 	21 	21 	21 	21 	21 	21 
A,MWAY,KM_TKM2,HU31	13 	13 	13 	13 	13 	13 	13 	13 	13 	13 	13 	13 
A,MWAY,KM_TKM2,HU32	7 	7 	7 	7 	7 	10 	11 	11 	11 	11 	13 	13 
A,MWAY,KM_TKM2,HU33	8 	8 	8 	10 	10 	10 	10 	11 	11 	11 	11 	12 
A,MWAY,KM_TKM2,IE04	: 	: 	: 	: 	: 	: 	: 	: 	: 	: 	3 	: 
A,MWAY,KM_TKM2,IE05	: 	: 	: 	: 	: 	: 	: 	: 	: 	: 	17 	: 
A,MWAY,KM_TKM2,IE06	: 	: 	: 	: 	: 	: 	: 	: 	: 	: 	24 	: 
A,MWAY,KM_TKM2,ITC1	33 	33 	33 	33 	33 	32 	32 	33 	33 	33 	33 	: 
A,MWAY,KM_TKM2,ITC2	35 	35 	35 	35 	35 	35 	35 	35 	35 	35 	35 	: 
A,MWAY,KM_TKM2,ITC3	70 	70 	70 	70 	70 	69 	69 	69 	69 	69 	69 	: 
A,MWAY,KM_TKM2,ITC4	26 	26 	26 	26 	26 	26 	28 	30 	30 	30 	30 	: 
A,MWAY,KM_TKM2,ITF1	33 	33 	33 	33 	33 	32 	32 	33 	33 	33 	33 	: 
A,MWAY,KM_TKM2,ITF2	8 	8 	8 	8 	8 	8 	8 	8 	8 	8 	8 	: 
A,MWAY,KM_TKM2,ITF3	33 	33 	33 	33 	33 	32 	32 	32 	32 	32 	32 	: 
A,MWAY,KM_TKM2,ITF4	16 	16 	16 	16 	16 	16 	16 	16 	16 	16 	16 	: 
A,MWAY,KM_TKM2,ITF5	3 	3 	3 	3 	3 	3 	3 	3 	3 	3 	3 	: 
A,MWAY,KM_TKM2,ITF6	20 	20 	20 	20 	20 	19 	19 	19 	19 	19 	19 	: 
A,MWAY,KM_TKM2,ITG1	26 	26 	26 	26 	26 	26 	26 	26 	26 	26 	27 	: 
A,MWAY,KM_TKM2,ITG2	: 	: 	: 	: 	: 	: 	: z	: 	: 	: 	: 	: 
A,MWAY,KM_TKM2,ITH1	29 	29 	29 	29 	29 	29 d	29 d	29 d	29 d	29 d	29 d	: 
A,MWAY,KM_TKM2,ITH3	28 	30 	30 	30 	32 	30 	31 	32 	32 	32 	32 	: 
A,MWAY,KM_TKM2,ITH4	28 	28 	28 	28 	28 	27 	27 	27 	27 	27 	27 	: 
A,MWAY,KM_TKM2,ITH5	25 	25 	25 	25 	25 	25 	25 	25 	25 	25 	25 	: 
A,MWAY,KM_TKM2,ITI1	19 	19 	19 	19 	20 	19 	19 	20 	20 	20 	20 	: 
A,MWAY,KM_TKM2,ITI2	7 	7 	7 	7 	7 	7 	7 	7 	7 	7 	7 	: 
A,MWAY,KM_TKM2,ITI3	18 	18 	18 	18 	18 	18 	18 	18 	18 	18 	18 	: 
A,MWAY,KM_TKM2,ITI4	28 	28 	28 	28 	28 	27 	28 	29 	29 	29 	29 	: 
A,MWAY,KM_TKM2,LI00	: z	: z	: z	: z	: z	: z	0 	0 	0 	: z	0 	0 
A,MWAY,KM_TKM2,LT01	: 	: 	: 	: 	: 	: 	: 	: 	: 	: 	10 	: 
A,MWAY,KM_TKM2,LT02	: 	: 	: 	: 	: 	: 	: 	: 	: 	: 	4 	: 
A,MWAY,KM_TKM2,LU00	57 	59 	59 	59 	59 	59 	59 	62 	62 	64 	64 	64 
A,MWAY,KM_TKM2,LV00	0 	0 	0 	0 	0 	0 	0 	0 	0 	0 	0 	0 
A,MWAY,KM_TKM2,MT00	: z	: z	: z	: z	: z	: 	0 	0 	0 	0 	0 	0 
A,MWAY,KM_TKM2,NL11	40 	40 	41 	41 	41 	41 	41 	47 	37 	36 	36 	36 
A,MWAY,KM_TKM2,NL12	56 	58 	59 	58 	60 	60 	61 	62 	36 	36 	36 	36 
A,MWAY,KM_TKM2,NL13	42 	48 	48 	48 	48 	48 	48 	56 	55 	55 	55 	55 
A,MWAY,KM_TKM2,NL21	40 	44 	44 	45 	45 	45 	45 	45 	45 	45 	45 	52 
A,MWAY,KM_TKM2,NL22	79 	79 	79 	79 	79 	79 	79 	79 	77 	77 	77 	79 
A,MWAY,KM_TKM2,NL23	70 	70 	70 	70 	71 	73 	73 	73 	42 	42 	43 	43 
A,MWAY,KM_TKM2,NL31	128 	128 	128 	128 	128 	128 	128 	127 	121 	121 	121 	128 
A,MWAY,KM_TKM2,NL32	106 	106 	106 	106 	107 	109 	111 	111 	72 	73 	73 	73 
A,MWAY,KM_TKM2,NL33	125 	125 	128 	129 	129 	129 	129 	129 	108 	108 	107 	105 
A,MWAY,KM_TKM2,NL34	47 	36 	35 	36 	39 	38 	39 	40 	30 	30 	29 	30 
A,MWAY,KM_TKM2,NL41	100 	98 	100 	99 	100 	100 	100 	103 	99 	99 	99 	99 
A,MWAY,KM_TKM2,NL42	85 	102 	100 	100 	99 	99 	99 	99 	96 	98 	96 	96 
A,MWAY,KM_TKM2,NO01	22 	24 	25 	26 	29 	33 	36 	36 	34 	32 	32 	34 
A,MWAY,KM_TKM2,NO02	0 	0 	0 	0 	0 	0 	1 	1 	1 	1 	1 	1 
A,MWAY,KM_TKM2,NO03	3 	4 	5 	5 	5 	5 	5 	7 	6 	6 	6 	7 
A,MWAY,KM_TKM2,NO04	1 	3 	3 	3 	2 	3 	3 	3 	2 	2 	2 	3 
A,MWAY,KM_TKM2,NO05	0 	0 	0 	0 	0 	0 	0 	0 	0 	0 	0 	0 
A,MWAY,KM_TKM2,NO06	0 	0 	0 	0 	0 	0 	0 	0 	0 	0 	0 	0 
A,MWAY,KM_TKM2,NO07	0 	0 	0 	0 	0 	0 	0 	0 	0 	0 	0 	0 
A,MWAY,KM_TKM2,PL21	4 	5 	5 	5 	9 	9 	10 	10 	10 	10 	10 	10 
A,MWAY,KM_TKM2,PL22	7 	8 	9 	11 	14 	14 	14 	14 	14 	14 	14 	17 
A,MWAY,KM_TKM2,PL41	7 	7 	7 	7 	7 	7 	7 	7 	7 	7 	7 	7 
A,MWAY,KM_TKM2,PL42	1 	1 	1 	1 	1 	1 	1 	1 	1 	1 	1 	1 
A,MWAY,KM_TKM2,PL43	0 	0 	0 	6 	6 	6 	6 	6 	6 	6 	6 	6 
A,MWAY,KM_TKM2,PL51	8 	10 	10 	11 	11 	11 	11 	11 	11 	11 	11 	11 
A,MWAY,KM_TKM2,PL52	9 	9 	9 	9 	9 	9 	9 	9 	9 	9 	9 	9 
A,MWAY,KM_TKM2,PL61	1 	1 	1 	5 	6 	8 	9 	9 	9 	9 	9 	9 
A,MWAY,KM_TKM2,PL62	0 	0 	0 	0 	0 	0 	0 	0 	0 	0 	0 	0 
A,MWAY,KM_TKM2,PL63	4 	4 	4 	4 	4 	4 	4 	4 	4 	4 	4 	4 
A,MWAY,KM_TKM2,PL71	: 	: 	: 	: 	: 	: 	: 	: 	: 	12 	12 	: 
A,MWAY,KM_TKM2,PL72	: 	: 	: 	: 	: 	: 	: 	: 	: 	0 	0 	: 
A,MWAY,KM_TKM2,PL81	: 	: 	: 	: 	: 	: 	: 	: 	: 	0 	0 	: 
A,MWAY,KM_TKM2,PL82	: 	: 	: 	: 	: 	: 	: 	: 	: 	9 	9 	: 
A,MWAY,KM_TKM2,PL84	: 	: 	: 	: 	: 	: 	: 	: 	: 	0 	0 	: 
A,MWAY,KM_TKM2,PT20	0 	0 	0 	0 	0 	0 	0 	0 	0 	0 	0 	0 
A,MWAY,KM_TKM2,PT30	0 	0 	0 	0 	0 	0 	0 	0 	0 	0 	0 	0 
A,MWAY,KM_TKM2,RO11	0 	1 	2 	2 	2 	2 	2 	2 	2 	2 	2 	2 
A,MWAY,KM_TKM2,RO12	0 	0 	0 	1 	1 	2 	3 	3 	3 	3 	4 	4 
A,MWAY,KM_TKM2,RO21	0 	0 	0 	0 	0 	0 	0 	0 	0 	0 	0 	0 
A,MWAY,KM_TKM2,RO22	0 	0 	0 	0 	2 	2 	2 	2 	2 	2 	2 	2 
A,MWAY,KM_TKM2,RO31	7 	7 	7 	7 	8 	8 	8 	8 	7 	7 	7 	7 
A,MWAY,KM_TKM2,RO32	29 	29 	29 	29 	44 	43 	43 	43 	41 	41 	46 	46 
A,MWAY,KM_TKM2,RO41	0 	0 	0 	0 	0 	0 	0 	0 	0 	0 	0 	0 
A,MWAY,KM_TKM2,RO42	0 	0 	0 	0 	2 	4 	4 	6 	6 	7 	7 	8 
A,MWAY,KM_TKM2,SE11	40 	46 	45 	46 	46 	47 	47 	48 	47 	48 	48 	48 
A,MWAY,KM_TKM2,SE12	14 	15 	15 	15 	15 	15 	15 	15 	15 	15 	15 	15 
A,MWAY,KM_TKM2,SE21	6 	6 	6 	6 	6 	6 	6 	6 	6 	6 	6 	6 
A,MWAY,KM_TKM2,SE22	22 	22 	23 	23 	24 	25 	26 	26 	26 	26 	26 	26 
A,MWAY,KM_TKM2,SE23	15 	15 	16 	16 	18 	19 	19 	19 	19 	20 	20 	20 
A,MWAY,KM_TKM2,SE31	1 	1 	1 	1 	1 	1 	1 	1 	1 	1 	1 	1 
A,MWAY,KM_TKM2,SE32	0 	0 	0 	0 	0 	0 	0 	0 	0 	0 	0 	0 
A,MWAY,KM_TKM2,SE33	0 	0 	0 	0 	0 	0 	0 	0 	0 	0 	0 	0 
A,MWAY,KM_TKM2,SI03	: 	: 	: 	: 	31 	31 	26 	26 	25 	26 	26 	26 
A,MWAY,KM_TKM2,SI04	: 	: 	: 	: 	49 	48 	37 	38 	38 	38 	38 	38 
A,MWAY,KM_TKM2,SK01	54 	54 	54 	56 	56 	55 	54 	54 	54 	54 	54 	54 
A,MWAY,KM_TKM2,SK02	10 	10 	11 	11 	11 	10 	10 	10 	10 	10 	10 	10 
A,MWAY,KM_TKM2,SK03	4 	4 	4 	4 	4 	4 	4 	5 	5 	6 	6 	6 
A,MWAY,KM_TKM2,SK04	4 	5 	6 	6 	6 	6 	6 	7 	7 	7 	7 	8 
A,MWAY,KM_TKM2,TR10	37 	36 	36 	36 	36 	58 	58 	58 	85 	85 	97 	97 
A,MWAY,KM_TKM2,TR21	10 	9 	9 	9 	9 	9 	9 	9 	9 	9 	9 	9 
A,MWAY,KM_TKM2,TR22	0 	0 	0 	0 	0 	: 	: 	: 	: 	2 	3 	4 
A,MWAY,KM_TKM2,TR31	17 	17 	17 	18 	18 	18 	18 	19 	21 	21 	21 	29 
A,MWAY,KM_TKM2,TR32	2 	2 	2 	2 	2 	2 	2 	2 	2 	2 	2 	2 
A,MWAY,KM_TKM2,TR33	0 	0 	0 	0 	0 	: 	: 	: 	: 	1 	2 	3 
A,MWAY,KM_TKM2,TR41	2 	2 	3 	3 	3 	3 	3 	3 	5 	5 	5 	7 
A,MWAY,KM_TKM2,TR42	16 	16 	16 	16 	16 	16 	16 	16 	18 	18 	20 	21 
A,MWAY,KM_TKM2,TR51	8 	8 	8 	8 	8 	8 	8 	8 	8 	8 	8 	8 
A,MWAY,KM_TKM2,TR52	0 	0 	0 	0 	0 	: 	: 	: 	: 	: 	: 	0 
A,MWAY,KM_TKM2,TR61	0 	0 	0 	0 	0 	: 	: 	: 	: 	: 	: 	0 
A,MWAY,KM_TKM2,TR62	11 	11 	11 	11 	11 	10 	10 	10 	10 	10 	10 	10 
A,MWAY,KM_TKM2,TR63	9 	8 	8 	8 	8 	8 	8 	8 	8 	8 	8 	8 
A,MWAY,KM_TKM2,TR71	0 	2 	2 	3 	4 	4 	4 	4 	4 	4 	4 	4 
A,MWAY,KM_TKM2,TR72	0 	0 	0 	0 	0 	: 	: 	: 	: 	: 	: 	0 
A,MWAY,KM_TKM2,TR81	0 	0 	0 	0 	0 	: 	: 	: 	: 	: 	: 	0 
A,MWAY,KM_TKM2,TR82	0 	0 	0 	0 	0 	: 	: 	: 	: 	: 	: 	0 
A,MWAY,KM_TKM2,TR83	0 	0 	0 	0 	0 	: 	: 	: 	: 	: 	: 	0 
A,MWAY,KM_TKM2,TR90	0 	0 	0 	0 	0 	0 	0 	0 	0 	0 	0 	0 
A,MWAY,KM_TKM2,TRA1	0 	0 	0 	0 	0 	: 	: 	: 	: 	: 	: 	0 
A,MWAY,KM_TKM2,TRA2	0 	0 	0 	0 	0 	: 	: 	: 	: 	: 	: 	0 
A,MWAY,KM_TKM2,TRB1	0 	0 	0 	0 	0 	: 	: 	: 	: 	: 	: 	0 
A,MWAY,KM_TKM2,TRB2	0 	0 	0 	0 	0 	: 	: 	: 	: 	: 	: 	0 
A,MWAY,KM_TKM2,TRC1	10 	9 	9 	9 	9 	10 	10 	10 	9 	9 	9 	9 
A,MWAY,KM_TKM2,TRC2	3 	4 	4 	4 	4 	4 	4 	4 	4 	4 	4 	4 
A,MWAY,KM_TKM2,TRC3	0 	0 	0 	0 	0 	: 	: 	: 	: 	: 	: 	0 
A,MWAY,KM_TKM2,UKN0	8 	8 	8 	9 	9 	8 	8 	8 	8 	8 	8 	: 
